country,year,iso_code,population,gdp,biofuel_electricity,coal_electricity,fossil_electricity,gas_electricity,hydro_electricity,low_carbon_electricity,nuclear_electricity,oil_electricity,other_renewable_electricity,other_renewable_exc_biofuel_electricity,renewables_electricity,solar_electricity,wind_electricity
Austria,1990,AUT,7678732.0,207979000000.0,1.13,6.19,16.66,7.72,31.51,32.64,0.0,2.75,1.13,0.0,32.64,0.0,0.0
Austria,1991,AUT,7755640.0,215993000000.0,1.21,6.84,17.53,7.47,31.44,32.65,0.0,3.22,1.21,0.0,32.65,0.0,0.0
Austria,1992,AUT,7840816.0,221401000000.0,1.31,4.11,13.79,6.64,34.85,36.16,0.0,3.04,1.31,0.0,36.16,0.0,0.0
Austria,1993,AUT,7905280.0,223463000000.0,1.34,2.98,13.32,6.79,36.71,38.05,0.0,3.55,1.34,0.0,38.05,0.0,0.0
Austria,1994,AUT,7935366.0,229749000000.0,1.19,3.1,15.21,8.64,35.71,36.9,0.0,3.47,1.19,0.0,36.9,0.0,0.0
Austria,1995,AUT,7947293.0,236824000000.0,1.84,4.32,16.27,8.91,37.07,38.91,0.0,3.04,1.84,0.0,38.91,0.0,0.0
Austria,1996,AUT,7958043.0,243481000000.0,1.57,5.28,17.78,9.4,34.22,35.79,0.0,3.1,1.57,0.0,35.79,0.0,0.0
Austria,1997,AUT,7967086.0,249847000000.0,1.69,5.83,17.86,8.47,36.11,37.82,0.0,3.56,1.69,0.0,37.82,0.0,0.02
Austria,1998,AUT,7975856.0,259776000000.0,1.82,4.13,16.89,8.87,37.16,39.03,0.0,3.89,1.82,0.0,39.03,0.0,0.05
Austria,1999,AUT,7991382.0,270186000000.0,1.6,4.42,17.57,9.29,40.7,42.35,0.0,3.86,1.6,0.0,42.35,0.0,0.05
Austria,2000,AUT,8010425.0,280410000000.0,1.53,5.72,16.41,7.85,41.84,43.44,0.0,2.84,1.53,0.0,43.44,0.0,0.07
Austria,2001,AUT,8039633.0,285336000000.0,1.67,6.89,18.82,8.75,40.46,42.24,0.0,3.18,1.67,0.0,42.24,0.01,0.1
Austria,2002,AUT,8078994.0,291225000000.0,1.52,6.61,18.79,9.31,40.23,41.9,0.0,2.87,1.52,0.0,41.9,0.01,0.14
Austria,2003,AUT,8120105.0,294604000000.0,1.65,8.44,22.82,11.16,33.21,35.24,0.0,3.22,1.65,0.0,35.24,0.01,0.37
Austria,2004,AUT,8171215.0,303786000000.0,1.91,7.91,22.31,10.95,36.76,39.62,0.0,3.45,1.91,0.0,39.62,0.02,0.93
Austria,2005,AUT,8227034.0,311538000000.0,2.43,7.17,23.61,13.03,37.1,40.88,0.0,3.41,2.43,0.0,40.88,0.02,1.33
Austria,2006,AUT,8267771.0,323264000000.0,3.23,7.37,21.62,10.67,35.66,40.66,0.0,3.58,3.23,0.0,40.66,0.02,1.75
Austria,2007,AUT,8294720.0,336316000000.0,4.06,6.6,19.74,9.9,37.05,43.17,0.0,3.24,4.06,0.0,43.17,0.02,2.04
Austria,2008,AUT,8321134.0,342891000000.0,4.16,5.53,19.97,11.18,38.33,44.53,0.0,3.26,4.16,0.0,44.53,0.03,2.01
Austria,2009,AUT,8342939.0,331192000000.0,4.28,3.76,19.12,12.34,40.9,47.18,0.0,3.02,4.28,0.0,47.18,0.05,1.95
Austria,2010,AUT,8362829.0,338927000000.0,4.48,4.92,22.92,14.35,38.36,44.99,0.0,3.65,4.48,0.0,44.99,0.09,2.06
Austria,2011,AUT,8391201.0,349843000000.0,4.56,5.43,21.35,12.44,34.24,40.91,0.0,3.48,4.56,0.0,40.91,0.17,1.94
Austria,2012,AUT,8429641.0,352451000000.0,4.68,4.39,17.37,9.71,43.85,51.33,0.0,3.27,4.68,0.0,51.33,0.34,2.46
Austria,2013,AUT,8479542.0,352914000000.0,4.7,4.21,14.09,6.65,42.02,50.5,0.0,3.23,4.7,0.0,50.5,0.63,3.15
Austria,2014,AUT,8546066.0,355365000000.0,4.55,2.94,11.42,5.32,41.01,50.2,0.0,3.16,4.55,0.0,50.2,0.79,3.85
Austria,2015,AUT,8642422.0,358988000000.0,4.65,2.95,14.26,7.66,37.16,47.59,0.0,3.65,4.65,0.0,47.59,0.94,4.84
Austria,2016,AUT,8736491.0,364218000000.0,4.78,2.04,14.17,8.49,39.97,51.08,0.0,3.64,4.78,0.0,51.08,1.1,5.23
Austria,2017,AUT,8797497.0,373238000000.0,4.92,1.76,16.37,10.91,38.29,51.05,0.0,3.7,4.92,0.0,51.05,1.27,6.57
Austria,2018,AUT,8840518.0,382269000000.0,4.93,1.81,14.98,9.92,37.64,50.06,0.0,3.25,4.93,0.0,50.06,1.46,6.03
Austria,2019,AUT,8879939.0,,4.66,1.5,16.22,11.32,40.83,54.64,0.0,3.4,4.66,0.0,54.64,1.7,7.45
Austria,2020,AUT,8907780.0,,4.59,0.56,13.77,9.95,42.0,55.42,0.0,3.26,4.59,0.0,55.42,2.04,6.79
Austria,2021,AUT,8922086.0,,4.48,0.14,14.2,10.62,38.75,52.75,0.0,3.44,4.48,0.0,52.75,2.78,6.74
Austria,2022,AUT,8939617.0,,5.54,0.14,14.95,11.37,35.54,50.97,0.0,3.44,5.54,0.0,50.97,2.93,6.96
Belgium,1990,BEL,9959565.0,273279000000.0,0.28,17.09,27.01,5.41,0.27,43.28,42.72,4.51,0.28,0.0,0.56,0.0,0.01
Belgium,1991,BEL,9987072.0,278662000000.0,0.3,16.51,27.79,6.22,0.23,43.4,42.86,5.06,0.3,0.0,0.54,0.0,0.01
Belgium,1992,BEL,10016455.0,283324000000.0,0.27,16.01,27.34,6.67,0.34,44.08,43.46,4.66,0.27,0.0,0.62,0.0,0.01
Belgium,1993,BEL,10043738.0,280980000000.0,0.25,16.3,27.64,6.81,0.25,42.44,41.93,4.53,0.25,0.0,0.51,0.0,0.01
Belgium,1994,BEL,10069182.0,290440000000.0,0.25,16.98,30.11,8.27,0.35,41.23,40.62,4.86,0.25,0.0,0.61,0.0,0.01
Belgium,1995,BEL,10095204.0,297777000000.0,0.32,16.52,31.49,10.18,0.34,42.03,41.36,4.79,0.32,0.0,0.67,0.0,0.01
Belgium,1996,BEL,10123230.0,302933000000.0,0.31,15.55,31.24,11.01,0.24,43.9,43.34,4.68,0.31,0.0,0.56,0.0,0.01
Belgium,1997,BEL,10154876.0,314603000000.0,0.28,13.75,29.87,11.54,0.31,48.01,47.41,4.58,0.28,0.0,0.6,0.0,0.01
Belgium,1998,BEL,10188541.0,321261000000.0,0.36,14.19,35.16,15.04,0.39,46.93,46.17,5.93,0.36,0.0,0.76,0.0,0.01
Belgium,1999,BEL,10224223.0,333156000000.0,0.5,9.94,33.5,19.23,0.34,49.87,49.02,4.33,0.5,0.0,0.85,0.0,0.01
Belgium,2000,BEL,10264351.0,345737000000.0,0.57,12.92,33.58,15.98,0.46,49.21,48.16,4.68,0.57,0.0,1.05,0.0,0.02
Belgium,2001,BEL,10309249.0,349022000000.0,0.6,9.94,31.2,15.78,0.44,47.43,46.35,5.48,0.6,0.0,1.08,0.0,0.04
Belgium,2002,BEL,10355569.0,355720000000.0,0.72,10.03,32.44,17.87,0.36,48.5,47.36,4.54,0.72,0.0,1.14,0.0,0.06
Belgium,2003,BEL,10402550.0,358964000000.0,0.86,9.64,34.99,21.61,0.25,48.58,47.38,3.74,0.86,0.0,1.2,0.0,0.09
Belgium,2004,BEL,10456164.0,372527000000.0,1.04,9.15,34.11,20.04,0.32,48.81,47.31,4.92,1.04,0.0,1.5,0.0,0.14
Belgium,2005,BEL,10516979.0,380850000000.0,1.59,8.2,34.39,21.5,0.29,49.71,47.6,4.69,1.59,0.0,2.11,0.0,0.23
Belgium,2006,BEL,10582970.0,390898000000.0,2.23,6.85,33.46,21.99,0.36,49.61,46.65,4.62,2.23,0.0,2.96,0.0,0.37
Belgium,2007,BEL,10653698.0,404736000000.0,2.6,6.47,34.84,24.66,0.39,51.72,48.23,3.71,2.6,0.0,3.49,0.01,0.49
Belgium,2008,BEL,10726720.0,408315000000.0,3.33,5.55,32.82,24.11,0.41,49.99,45.57,3.16,3.33,0.0,4.42,0.04,0.64
Belgium,2009,BEL,10801357.0,399533000000.0,3.95,5.18,37.0,29.25,0.33,52.66,47.22,2.57,3.95,0.0,5.44,0.17,0.99
Belgium,2010,BEL,10877948.0,412204000000.0,4.38,4.2,38.39,30.84,0.31,54.48,47.94,3.35,4.38,0.0,6.54,0.56,1.29
Belgium,2011,BEL,10955742.0,420971000000.0,4.63,3.48,32.51,25.44,0.2,56.54,48.23,3.59,4.63,0.0,8.31,1.17,2.31
Belgium,2012,BEL,11031140.0,421101000000.0,5.24,3.39,30.62,23.57,0.36,50.8,40.29,3.66,5.24,0.0,10.51,2.15,2.76
Belgium,2013,BEL,11103260.0,421204000000.0,5.03,3.01,27.37,20.8,0.38,54.36,42.64,3.56,5.03,0.0,11.72,2.64,3.67
Belgium,2014,BEL,11176727.0,428583000000.0,4.41,2.09,25.03,19.34,0.29,45.91,33.7,3.6,4.41,0.0,12.21,2.89,4.62
Belgium,2015,BEL,11248306.0,434919000000.0,5.5,2.07,27.57,22.02,0.32,40.55,26.1,3.48,5.5,0.0,14.45,3.06,5.57
Belgium,2016,BEL,11316837.0,439359000000.0,5.36,0.39,26.19,22.08,0.37,57.77,43.52,3.72,5.36,0.0,14.25,3.1,5.42
Belgium,2017,BEL,11384491.0,447724000000.0,5.7,0.09,26.9,23.02,0.27,58.03,42.23,3.79,5.7,0.0,15.8,3.31,6.52
Belgium,2018,BEL,11448598.0,454384000000.0,5.41,0.09,27.75,23.99,0.29,45.77,28.6,3.67,5.41,0.0,17.17,3.9,7.57
Belgium,2019,BEL,11510569.0,,5.16,0.09,29.32,25.54,0.3,62.98,43.52,3.69,5.16,0.0,19.46,4.25,9.75
Belgium,2020,BEL,11561716.0,,5.26,0.08,30.0,26.78,0.27,57.88,34.43,3.14,5.26,0.0,23.45,5.11,12.81
Belgium,2021,BEL,11611416.0,,4.69,0.04,25.97,22.52,0.42,73.06,50.33,3.41,4.69,0.0,22.73,5.62,12.0
Belgium,2022,BEL,11655923.0,,4.45,0.04,26.8,23.38,0.27,68.35,44.11,3.38,4.45,0.0,24.24,7.36,12.16
Bulgaria,1990,BGR,8767778.0,79352520704.0,0.0,20.98,25.61,3.19,1.63,16.29,14.66,1.44,0.0,0.0,1.63,0.0,0.0
Bulgaria,1991,BGR,8721659.0,73266159616.0,0.0,20.78,25.24,2.88,2.27,15.45,13.18,1.58,0.0,0.0,2.27,0.0,0.0
Bulgaria,1992,BGR,8668545.0,68357816320.0,0.0,17.81,21.99,2.77,1.9,13.45,11.55,1.41,0.0,0.0,1.9,0.0,0.0
Bulgaria,1993,BGR,8611541.0,68791803904.0,0.0,17.16,22.08,3.04,1.79,15.76,13.97,1.88,0.0,0.0,1.79,0.0,0.0
Bulgaria,1994,BGR,8548469.0,70739017728.0,0.0,16.89,21.34,2.56,1.3,16.64,15.34,1.89,0.0,0.0,1.3,0.0,0.0
Bulgaria,1995,BGR,8477584.0,73463005184.0,0.0,17.33,22.22,3.21,2.17,19.43,17.26,1.68,0.0,0.0,2.17,0.0,0.0
Bulgaria,1996,BGR,8401382.0,67407642624.0,0.0,17.16,21.71,2.98,2.89,20.97,18.08,1.57,0.0,0.0,2.89,0.0,0.0
Bulgaria,1997,BGR,8318965.0,67221577728.0,0.0,18.89,22.12,1.88,2.72,20.47,17.75,1.35,0.0,0.0,2.72,0.0,0.0
Bulgaria,1998,BGR,8234934.0,70098747392.0,0.0,18.3,21.48,2.01,3.07,19.97,16.9,1.17,0.0,0.0,3.07,0.0,0.0
Bulgaria,1999,BGR,8162298.0,66353733632.0,0.0,16.27,19.44,2.01,2.73,18.54,15.81,1.16,0.0,0.0,2.73,0.0,0.0
Bulgaria,2000,BGR,8097694.0,70102818816.0,0.0,16.94,19.79,1.91,2.63,20.81,18.18,0.94,0.0,0.0,2.63,0.0,0.0
Bulgaria,2001,BGR,8034863.0,72164990976.0,0.0,19.5,22.25,1.91,1.65,21.2,19.55,0.84,0.0,0.0,1.65,0.0,0.0
Bulgaria,2002,BGR,7974804.0,75728076800.0,0.0,17.18,19.75,1.54,2.12,22.34,20.22,1.03,0.0,0.0,2.12,0.0,0.0
Bulgaria,2003,BGR,7917745.0,79961358336.0,0.0,19.24,22.02,1.76,2.99,20.27,17.28,1.02,0.0,0.0,2.99,0.0,0.0
Bulgaria,2004,BGR,7865314.0,85445484544.0,0.0,18.9,21.44,1.49,3.14,19.96,16.82,1.05,0.0,0.0,3.14,0.0,0.0
Bulgaria,2005,BGR,7815221.0,91870126080.0,0.0,18.46,20.98,1.73,4.3,22.95,18.65,0.79,0.0,0.0,4.3,0.0,0.0
Bulgaria,2006,BGR,7766040.0,98526781440.0,0.0,19.09,21.76,2.16,4.21,23.72,19.49,0.51,0.0,0.0,4.23,0.0,0.02
Bulgaria,2007,BGR,7719035.0,106111000000.0,0.0,22.37,25.38,2.34,2.83,17.52,14.64,0.67,0.0,0.0,2.88,0.0,0.05
Bulgaria,2008,BGR,7674912.0,112833000000.0,0.02,23.18,25.86,2.36,2.79,18.7,15.77,0.32,0.02,0.0,2.93,0.0,0.12
Bulgaria,2009,BGR,7634737.0,109082000000.0,0.01,21.1,23.39,1.96,3.43,18.94,15.26,0.33,0.01,0.0,3.68,0.0,0.24
Bulgaria,2010,BGR,7592271.0,110805000000.0,0.04,22.61,24.97,1.97,5.03,21.01,15.25,0.39,0.04,0.0,5.76,0.01,0.68
Bulgaria,2011,BGR,7543128.0,113286000000.0,0.06,27.53,29.75,2.08,2.87,20.2,16.31,0.14,0.06,0.0,3.89,0.1,0.86
Bulgaria,2012,BGR,7488347.0,113318000000.0,0.07,22.87,25.45,2.36,3.18,21.03,15.78,0.22,0.07,0.0,5.25,0.78,1.22
Bulgaria,2013,BGR,7431169.0,114286000000.0,0.11,19.39,21.96,2.34,4.04,21.08,14.17,0.23,0.11,0.0,6.91,1.39,1.37
Bulgaria,2014,BGR,7372142.0,115783000000.0,0.2,21.31,23.66,2.14,4.6,23.26,15.87,0.21,0.2,0.0,7.39,1.26,1.33
Bulgaria,2015,BGR,7309255.0,119894000000.0,0.27,22.53,24.57,1.86,5.65,24.13,15.38,0.18,0.27,0.0,8.75,1.38,1.45
Bulgaria,2016,BGR,7245982.0,123885000000.0,0.35,19.37,21.74,2.05,3.88,22.82,15.78,0.32,0.35,0.0,7.04,1.39,1.42
Bulgaria,2017,BGR,7182430.0,128229000000.0,0.4,20.92,23.25,1.93,2.83,21.68,15.55,0.4,0.4,0.0,6.13,1.4,1.5
Bulgaria,2018,BGR,7117424.0,132183000000.0,1.57,18.66,21.03,2.02,5.15,25.51,16.13,0.35,1.57,0.0,9.38,1.34,1.32
Bulgaria,2019,BGR,7052536.0,,1.82,17.2,19.75,2.15,2.93,24.05,16.56,0.4,1.82,0.0,7.49,1.42,1.32
Bulgaria,2020,BGR,6979181.0,,1.7,13.51,16.12,2.29,2.82,24.1,16.63,0.32,1.7,0.0,7.47,1.47,1.48
Bulgaria,2021,BGR,6885864.0,,2.59,17.09,20.5,3.05,4.82,26.8,16.49,0.36,2.59,0.0,10.31,1.47,1.43
Bulgaria,2022,BGR,6781955.0,,2.6,21.39,24.66,2.91,3.7,25.9,16.46,0.36,2.6,0.0,9.44,1.7,1.44
Croatia,1990,HRV,4873705.0,58374078464.0,0.01,0.63,4.93,1.36,3.92,3.93,0.0,2.94,0.01,0.0,3.93,0.0,0.0
Croatia,1991,HRV,4844526.0,45560401920.0,0.01,0.39,3.05,0.74,5.53,5.54,0.0,1.92,0.01,0.0,5.54,0.0,0.0
Croatia,1992,HRV,4798318.0,40296484864.0,0.01,0.66,4.54,1.37,4.35,4.36,0.0,2.51,0.01,0.0,4.36,0.0,0.0
Croatia,1993,HRV,4792409.0,37941878784.0,0.02,0.45,5.0,1.82,4.55,4.57,0.0,2.73,0.02,0.0,4.57,0.0,0.0
Croatia,1994,HRV,4819431.0,41058422784.0,0.01,0.1,3.33,1.84,5.43,5.44,0.0,1.39,0.01,0.0,5.44,0.0,0.0
Croatia,1995,HRV,4807100.0,44384567296.0,0.01,0.24,3.58,0.88,5.68,5.69,0.0,2.46,0.01,0.0,5.69,0.0,0.0
Croatia,1996,HRV,4758624.0,47434641408.0,0.01,0.12,3.3,1.31,7.86,7.87,0.0,1.87,0.01,0.0,7.87,0.0,0.0
Croatia,1997,HRV,4711373.0,51344322560.0,0.0,0.51,4.38,1.17,5.85,5.85,0.0,2.7,0.0,0.0,5.85,0.0,0.0
Croatia,1998,HRV,4659937.0,53359112192.0,0.01,0.54,5.42,1.34,6.02,6.03,0.0,3.54,0.01,0.0,6.03,0.0,0.0
Croatia,1999,HRV,4605329.0,53571235840.0,0.01,0.52,5.64,1.23,7.33,7.34,0.0,3.89,0.01,0.0,7.34,0.0,0.0
Croatia,2000,HRV,4548438.0,54951510016.0,0.0,1.55,4.81,1.57,6.45,6.45,0.0,1.69,0.0,0.0,6.45,0.0,0.0
Croatia,2001,HRV,4506760.0,56076091392.0,0.0,1.64,5.59,1.83,7.18,7.18,0.0,2.12,0.0,0.0,7.18,0.0,0.0
Croatia,2002,HRV,4482874.0,59660337152.0,0.0,2.11,6.86,2.53,5.85,5.85,0.0,2.22,0.0,0.0,5.85,0.0,0.0
Croatia,2003,HRV,4461141.0,63955259392.0,0.0,2.4,7.73,2.06,5.46,5.46,0.0,3.27,0.0,0.0,5.46,0.0,0.0
Croatia,2004,HRV,4443351.0,67606573056.0,0.0,2.14,6.26,2.46,7.63,7.63,0.0,1.66,0.0,0.0,7.63,0.0,0.0
Croatia,2005,HRV,4429687.0,71536394240.0,0.01,2.33,6.0,1.82,7.04,7.06,0.0,1.85,0.01,0.0,7.06,0.0,0.01
Croatia,2006,HRV,4417562.0,76142043136.0,0.01,2.25,6.27,2.06,6.62,6.65,0.0,1.96,0.01,0.0,6.65,0.0,0.02
Croatia,2007,HRV,4405542.0,81332862976.0,0.01,2.42,7.8,3.07,4.7,4.74,0.0,2.31,0.01,0.0,4.74,0.0,0.03
Croatia,2008,HRV,4393666.0,84280721408.0,0.02,2.49,6.94,2.46,5.78,5.84,0.0,1.99,0.02,0.0,5.84,0.0,0.04
Croatia,2009,HRV,4382142.0,79251070976.0,0.02,1.65,5.87,2.21,7.41,7.48,0.0,2.01,0.02,0.0,7.48,0.0,0.05
Croatia,2010,HRV,4368680.0,79107170304.0,0.03,2.38,5.49,2.55,9.13,9.3,0.0,0.56,0.03,0.0,9.3,0.0,0.14
Croatia,2011,HRV,4351838.0,80079052800.0,0.05,2.58,5.95,2.62,5.03,5.28,0.0,0.75,0.05,0.0,5.28,0.0,0.2
Croatia,2012,HRV,4331592.0,78321270784.0,0.09,2.24,5.33,2.51,4.84,5.26,0.0,0.58,0.09,0.0,5.26,0.0,0.33
Croatia,2013,HRV,4308854.0,77479518208.0,0.13,2.42,4.67,2.02,8.62,9.28,0.0,0.23,0.13,0.0,9.28,0.01,0.52
Croatia,2014,HRV,4283968.0,77088243712.0,0.16,2.37,3.5,1.0,9.01,9.94,0.0,0.13,0.16,0.0,9.94,0.04,0.73
Croatia,2015,HRV,4254821.0,78221434880.0,0.27,2.31,3.73,1.2,6.39,7.52,0.0,0.22,0.27,0.0,7.52,0.06,0.8
Croatia,2016,HRV,4223748.0,80230187008.0,0.43,2.6,4.26,1.59,6.85,8.36,0.0,0.07,0.43,0.0,8.36,0.07,1.01
Croatia,2017,HRV,4192468.0,82748776448.0,0.53,1.37,4.67,3.09,5.31,7.12,0.0,0.21,0.53,0.0,7.12,0.08,1.2
Croatia,2018,HRV,4160488.0,84978688000.0,0.67,1.45,3.77,2.25,7.7,9.78,0.0,0.07,0.67,0.0,9.78,0.07,1.34
Croatia,2019,HRV,4129749.0,,0.88,1.64,4.31,2.63,5.83,8.35,0.0,0.04,0.97,0.09,8.35,0.08,1.47
Croatia,2020,HRV,4096872.0,,0.98,1.22,4.69,3.44,5.66,8.55,0.0,0.03,1.07,0.09,8.55,0.1,1.72
Croatia,2021,HRV,4060139.0,,1.1,1.46,4.59,3.1,7.13,10.53,0.0,0.03,1.19,0.09,10.53,0.15,2.06
Croatia,2022,HRV,4030361.0,,1.15,1.54,5.19,3.64,5.35,8.94,0.0,0.01,1.16,0.01,8.94,0.15,2.28
Denmark,1990,DNK,5144626.0,151206000000.0,0.19,23.56,25.15,0.69,0.03,0.83,0.0,0.9,0.19,0.0,0.83,0.0,0.61
Denmark,1991,DNK,5158325.0,154194000000.0,0.29,33.44,35.48,0.83,0.03,1.06,0.0,1.21,0.29,0.0,1.06,0.0,0.74
Denmark,1992,DNK,5175466.0,158108000000.0,0.41,26.96,29.39,1.08,0.03,1.36,0.0,1.35,0.41,0.0,1.36,0.0,0.92
Denmark,1993,DNK,5193776.0,159030000000.0,0.55,29.33,32.37,1.59,0.03,1.61,0.0,1.45,0.55,0.0,1.61,0.0,1.03
Denmark,1994,DNK,5213801.0,168469000000.0,0.57,33.29,38.84,2.28,0.03,1.74,0.0,3.27,0.57,0.0,1.74,0.0,1.14
Denmark,1995,DNK,5235205.0,174566000000.0,0.65,27.36,34.88,3.63,0.03,1.86,0.0,3.89,0.65,0.0,1.86,0.0,1.18
Denmark,1996,DNK,5256002.0,180658000000.0,0.83,39.67,51.48,5.68,0.02,2.08,0.0,6.13,0.83,0.0,2.08,0.0,1.23
Denmark,1997,DNK,5277385.0,187613000000.0,0.98,28.76,41.35,6.78,0.02,2.93,0.0,5.81,0.98,0.0,2.93,0.0,1.93
Denmark,1998,DNK,5298991.0,192868000000.0,1.08,23.65,37.15,8.13,0.03,3.93,0.0,5.37,1.08,0.0,3.93,0.0,2.82
Denmark,1999,DNK,5319856.0,199693000000.0,1.32,20.08,34.51,9.06,0.03,4.38,0.0,5.37,1.32,0.0,4.38,0.0,3.03
Denmark,2000,DNK,5340662.0,208359000000.0,1.3,16.67,30.43,8.77,0.03,5.57,0.0,4.99,1.3,0.0,5.57,0.0,4.24
Denmark,2001,DNK,5360753.0,211275000000.0,1.51,17.82,31.87,9.27,0.03,5.85,0.0,4.78,1.51,0.0,5.85,0.0,4.31
Denmark,2002,DNK,5378700.0,213475000000.0,1.88,18.26,32.49,9.59,0.03,6.79,0.0,4.64,1.88,0.0,6.79,0.0,4.88
Denmark,2003,DNK,5396355.0,215533000000.0,2.49,25.31,38.09,9.76,0.02,8.07,0.0,3.02,2.49,0.0,8.07,0.0,5.56
Denmark,2004,DNK,5415583.0,222551000000.0,2.91,18.67,30.9,9.94,0.03,9.53,0.0,2.29,2.91,0.0,9.53,0.0,6.59
Denmark,2005,DNK,5436314.0,229051000000.0,3.17,15.46,26.43,8.78,0.02,9.8,0.0,2.19,3.17,0.0,9.8,0.0,6.61
Denmark,2006,DNK,5457863.0,239379000000.0,3.07,24.57,36.41,9.4,0.02,9.19,0.0,2.44,3.07,0.0,9.19,0.0,6.1
Denmark,2007,DNK,5479722.0,242933000000.0,3.1,19.89,29.01,7.04,0.03,10.3,0.0,2.08,3.1,0.0,10.3,0.0,7.17
Denmark,2008,DNK,5502752.0,243074000000.0,3.14,17.46,26.52,7.08,0.03,10.1,0.0,1.98,3.14,0.0,10.1,0.0,6.93
Denmark,2009,DNK,5526455.0,232469000000.0,3.32,17.69,26.32,6.67,0.02,10.07,0.0,1.96,3.32,0.0,10.07,0.0,6.73
Denmark,2010,DNK,5550850.0,238176000000.0,4.59,17.01,26.44,7.91,0.02,12.43,0.0,1.52,4.59,0.0,12.43,0.01,7.81
Denmark,2011,DNK,5576016.0,242738000000.0,4.37,13.98,21.05,5.84,0.02,14.17,0.0,1.23,4.37,0.0,14.17,0.01,9.77
Denmark,2012,DNK,5600955.0,243290000000.0,4.45,10.54,15.86,4.19,0.02,14.84,0.0,1.13,4.45,0.0,14.84,0.1,10.27
Denmark,2013,DNK,5625393.0,245559000000.0,4.31,14.29,18.78,3.42,0.01,15.96,0.0,1.07,4.31,0.0,15.96,0.52,11.12
Denmark,2014,DNK,5650654.0,249674000000.0,4.29,11.06,14.2,2.1,0.02,17.99,0.0,1.04,4.29,0.0,17.99,0.6,13.08
Denmark,2015,DNK,5677795.0,253683000000.0,4.18,7.11,10.0,1.82,0.02,18.93,0.0,1.07,4.18,0.0,18.93,0.6,14.13
Denmark,2016,DNK,5706856.0,256822000000.0,4.85,8.87,12.16,2.26,0.02,18.39,0.0,1.03,4.85,0.0,18.39,0.74,12.78
Denmark,2017,DNK,5737286.0,262051000000.0,6.25,6.21,9.23,2.02,0.02,21.8,0.0,1.0,6.25,0.0,21.8,0.75,14.78
Denmark,2018,DNK,5766689.0,268318000000.0,5.89,6.57,9.61,2.07,0.01,20.75,0.0,0.97,5.89,0.0,20.75,0.95,13.9
Denmark,2019,DNK,5795879.0,,5.94,3.31,6.44,2.1,0.02,23.07,0.0,1.03,5.94,0.0,23.07,0.96,16.15
Denmark,2020,DNK,5825638.0,,5.92,3.06,5.28,1.18,0.02,23.45,0.0,1.04,5.92,0.0,23.45,1.18,16.33
Denmark,2021,DNK,5854246.0,,8.72,4.37,6.96,1.54,0.02,26.1,0.0,1.05,8.72,0.0,26.1,1.31,16.05
Denmark,2022,DNK,5882259.0,,7.96,3.62,5.51,1.03,0.02,28.91,0.0,0.86,7.96,0.0,28.91,2.0,18.93
Estonia,1990,EST,1570676.0,27066095616.0,0.0,0.0,17.18,0.96,0.0,0.0,0.0,16.22,0.0,0.0,0.0,0.0,0.0
Estonia,1991,EST,1565621.0,23969413120.0,0.0,0.0,14.63,0.97,0.0,0.0,0.0,13.66,0.0,0.0,0.0,0.0,0.0
Estonia,1992,EST,1540386.0,20260763648.0,0.0,0.0,11.83,0.29,0.0,0.0,0.0,11.54,0.0,0.0,0.0,0.0,0.0
Estonia,1993,EST,1504446.0,18240808960.0,0.0,0.0,9.12,0.13,0.0,0.0,0.0,8.99,0.0,0.0,0.0,0.0,0.0
Estonia,1994,EST,1475730.0,17654292480.0,0.0,0.0,9.15,0.22,0.0,0.0,0.0,8.93,0.0,0.0,0.0,0.0,0.0
Estonia,1995,EST,1452777.0,18507421696.0,0.01,0.0,8.68,0.26,0.0,0.01,0.0,8.42,0.01,0.0,0.01,0.0,0.0
Estonia,1996,EST,1434670.0,19179796480.0,0.0,0.0,9.09,0.29,0.0,0.0,0.0,8.8,0.0,0.0,0.0,0.0,0.0
Estonia,1997,EST,1421491.0,21099665408.0,0.01,0.0,9.21,0.26,0.0,0.01,0.0,8.95,0.01,0.0,0.01,0.0,0.0
Estonia,1998,EST,1411151.0,21616367616.0,0.01,0.0,8.51,0.27,0.0,0.01,0.0,8.24,0.01,0.0,0.01,0.0,0.0
Estonia,1999,EST,1403494.0,21088651264.0,0.01,0.0,8.25,0.23,0.0,0.01,0.0,8.02,0.01,0.0,0.01,0.0,0.0
Estonia,2000,EST,1396881.0,22945026048.0,0.01,0.0,8.5,0.6,0.0,0.01,0.0,7.9,0.01,0.0,0.01,0.0,0.0
Estonia,2001,EST,1388000.0,24006164480.0,0.01,0.0,8.47,0.6,0.01,0.02,0.0,7.87,0.01,0.0,0.02,0.0,0.0
Estonia,2002,EST,1379241.0,25057701888.0,0.02,0.0,8.5,0.53,0.01,0.03,0.0,7.97,0.02,0.0,0.03,0.0,0.0
Estonia,2003,EST,1370663.0,26485059584.0,0.03,0.0,10.11,0.5,0.01,0.05,0.0,9.61,0.03,0.0,0.05,0.0,0.01
Estonia,2004,EST,1362489.0,27701385216.0,0.03,0.0,10.25,0.49,0.02,0.06,0.0,9.76,0.03,0.0,0.06,0.0,0.01
Estonia,2005,EST,1354665.0,29813616640.0,0.04,0.0,10.09,0.54,0.02,0.11,0.0,9.55,0.04,0.0,0.11,0.0,0.05
Estonia,2006,EST,1346711.0,32350019584.0,0.04,0.0,9.6,0.54,0.01,0.13,0.0,9.06,0.04,0.0,0.13,0.0,0.08
Estonia,2007,EST,1340576.0,34297835520.0,0.03,0.0,12.04,0.34,0.02,0.14,0.0,11.7,0.03,0.0,0.14,0.0,0.09
Estonia,2008,EST,1337013.0,31920816128.0,0.04,0.0,10.38,0.42,0.03,0.2,0.0,9.96,0.04,0.0,0.2,0.0,0.13
Estonia,2009,EST,1334557.0,26784890880.0,0.31,0.0,8.24,0.11,0.03,0.54,0.0,8.13,0.31,0.0,0.54,0.0,0.2
Estonia,2010,EST,1331535.0,26952075264.0,0.74,0.0,11.92,0.3,0.03,1.05,0.0,11.62,0.74,0.0,1.05,0.0,0.28
Estonia,2011,EST,1327435.0,28535476224.0,0.78,0.0,11.71,0.25,0.03,1.18,0.0,11.46,0.78,0.0,1.18,0.0,0.37
Estonia,2012,EST,1322682.0,29763610624.0,1.0,0.0,10.49,0.13,0.04,1.47,0.0,10.36,1.0,0.0,1.47,0.0,0.43
Estonia,2013,EST,1317985.0,30185959424.0,0.67,0.01,12.05,0.09,0.03,1.23,0.0,11.95,0.67,0.0,1.23,0.0,0.53
Estonia,2014,EST,1314531.0,31037874176.0,0.76,0.01,11.06,0.07,0.03,1.39,0.0,10.98,0.76,0.0,1.39,0.0,0.6
Estonia,2015,EST,1314658.0,31485411328.0,0.82,0.0,8.59,0.06,0.03,1.56,0.0,8.53,0.82,0.0,1.56,0.0,0.71
Estonia,2016,EST,1315928.0,31962619904.0,0.95,0.0,10.58,0.07,0.04,1.59,0.0,10.51,0.95,0.0,1.59,0.01,0.59
Estonia,2017,EST,1317550.0,33800136704.0,1.1,0.02,11.3,0.06,0.03,1.86,0.0,11.22,1.1,0.0,1.86,0.01,0.72
Estonia,2018,EST,1322146.0,35409424384.0,1.31,0.0,10.38,0.06,0.01,1.99,0.0,10.32,1.31,0.0,1.99,0.03,0.64
Estonia,2019,EST,1327039.0,,1.36,0.0,5.47,0.04,0.02,2.14,0.0,5.43,1.36,0.0,2.14,0.07,0.69
Estonia,2020,EST,1329449.0,,1.85,0.0,3.11,0.03,0.03,2.97,0.0,3.08,1.85,0.0,2.97,0.25,0.84
Estonia,2021,EST,1328704.0,,1.77,0.0,4.32,0.04,0.02,2.87,0.0,4.28,1.77,0.0,2.87,0.35,0.73
Estonia,2022,EST,1326064.0,,2.49,0.0,4.69,0.05,0.02,3.74,0.0,4.64,2.49,0.0,3.74,0.6,0.63
Finland,1990,FIN,4986551.0,134055000000.0,5.16,9.66,19.15,4.66,10.86,35.24,19.22,4.83,5.16,0.0,16.02,0.0,0.0
Finland,1991,FIN,5013856.0,126220000000.0,5.0,9.79,20.27,4.95,13.2,37.71,19.51,5.53,5.0,0.0,18.2,0.0,0.0
Finland,1992,FIN,5042120.0,122116000000.0,4.95,7.66,18.41,5.18,15.11,39.32,19.26,5.57,4.95,0.0,20.06,0.0,0.0
Finland,1993,FIN,5066609.0,121310000000.0,5.96,9.84,21.71,5.55,13.48,39.37,19.93,6.32,5.96,0.0,19.44,0.0,0.0
Finland,1994,FIN,5088491.0,126179000000.0,6.47,13.98,27.94,6.43,11.79,37.7,19.43,7.53,6.47,0.0,18.27,0.0,0.01
Finland,1995,FIN,5107942.0,131585000000.0,6.61,11.07,25.27,6.63,12.93,38.77,19.22,7.57,6.61,0.0,19.55,0.0,0.01
Finland,1996,FIN,5124717.0,136505000000.0,5.89,15.12,32.14,8.51,11.86,37.24,19.48,8.51,5.89,0.0,17.76,0.0,0.01
Finland,1997,FIN,5139944.0,145148000000.0,7.89,12.84,28.12,6.88,12.24,41.04,20.89,8.4,7.89,0.0,20.15,0.0,0.02
Finland,1998,FIN,5153548.0,153138000000.0,9.33,7.94,23.9,8.82,15.05,46.25,21.85,7.14,9.33,0.0,24.4,0.0,0.02
Finland,1999,FIN,5165500.0,160062000000.0,8.36,8.95,25.3,9.54,12.78,44.16,22.97,6.81,8.36,0.0,21.19,0.0,0.05
Finland,2000,FIN,5176208.0,169209000000.0,8.64,8.49,23.93,10.13,14.66,45.86,22.48,5.31,8.64,0.0,23.38,0.0,0.08
Finland,2001,FIN,5188007.0,173703000000.0,8.27,10.61,29.98,11.69,13.2,44.31,22.77,7.68,8.27,0.0,21.54,0.0,0.07
Finland,2002,FIN,5200588.0,176750000000.0,8.99,12.71,32.6,11.63,10.78,42.13,22.3,8.26,8.99,0.0,19.83,0.0,0.06
Finland,2003,FIN,5212991.0,180408000000.0,9.38,19.25,42.29,13.85,9.59,41.79,22.73,9.19,9.38,0.0,19.06,0.0,0.09
Finland,2004,FIN,5228143.0,187632000000.0,10.44,16.5,37.25,12.75,15.07,48.35,22.72,8.0,10.44,0.0,25.63,0.0,0.12
Finland,2005,FIN,5246070.0,192989000000.0,9.51,6.5,23.6,11.23,13.78,46.73,23.27,5.87,9.51,0.0,23.46,0.0,0.17
Finland,2006,FIN,5266249.0,200964000000.0,10.81,16.33,36.68,12.32,11.49,45.37,22.91,8.03,10.81,0.0,22.46,0.0,0.16
Finland,2007,FIN,5288694.0,211541000000.0,9.95,13.89,33.18,10.56,14.18,47.74,23.42,8.73,9.95,0.0,24.32,0.0,0.19
Finland,2008,FIN,5313358.0,213225000000.0,10.4,8.5,26.25,11.03,17.11,50.73,22.96,6.72,10.4,0.0,27.77,0.0,0.26
Finland,2009,FIN,5338813.0,195737000000.0,8.73,11.13,26.55,9.82,12.69,45.23,23.53,5.6,8.73,0.0,21.7,0.0,0.28
Finland,2010,FIN,5363279.0,201743000000.0,10.97,14.54,33.36,11.26,12.92,46.98,22.8,7.56,10.97,0.0,24.18,0.0,0.29
Finland,2011,FIN,5388173.0,207082000000.0,11.24,9.78,25.84,9.45,12.45,47.37,23.19,6.61,11.24,0.0,24.18,0.01,0.48
Finland,2012,FIN,5413865.0,204128000000.0,11.2,7.1,18.54,6.73,16.86,51.55,22.99,4.71,11.2,0.0,28.56,0.01,0.49
Finland,2013,FIN,5438873.0,202580000000.0,12.01,10.69,21.74,6.79,12.84,49.24,23.61,4.26,12.01,0.0,25.63,0.01,0.77
Finland,2014,FIN,5461436.0,201300000000.0,11.76,7.92,17.95,5.52,13.4,49.86,23.58,4.51,11.76,0.0,26.28,0.01,1.11
Finland,2015,FIN,5479457.0,201844000000.0,11.42,5.12,14.58,5.2,16.77,53.78,23.25,4.26,11.42,0.0,30.53,0.01,2.33
Finland,2016,FIN,5495217.0,204640000000.0,11.52,6.97,14.87,3.74,15.8,53.61,23.2,4.16,11.52,0.0,30.41,0.02,3.07
Finland,2017,FIN,5508146.0,211331000000.0,11.86,5.86,13.17,3.3,14.77,53.95,22.48,4.01,11.86,0.0,31.47,0.05,4.79
Finland,2018,FIN,5515465.0,214536000000.0,12.91,5.79,15.05,4.2,13.3,54.93,22.79,5.06,12.91,0.0,32.14,0.09,5.84
Finland,2019,FIN,5521539.0,,13.29,4.36,12.63,3.85,12.42,55.75,23.87,4.42,13.29,0.0,31.88,0.15,6.02
Finland,2020,FIN,5529468.0,,11.57,2.44,9.82,3.99,15.88,59.22,23.29,3.39,11.57,0.0,35.93,0.22,8.26
Finland,2021,FIN,5535982.0,,13.58,2.67,10.09,3.83,15.79,61.78,23.6,3.59,13.58,0.0,38.18,0.3,8.51
Finland,2022,FIN,5540745.0,,13.93,2.98,7.88,1.32,13.74,64.78,25.09,3.58,13.93,0.0,39.69,0.3,11.72
France,1990,FRA,56412896.0,1636210000000.0,1.41,31.47,47.34,3.03,53.87,369.86,314.08,12.84,1.91,0.5,55.78,0.0,0.0
France,1991,FRA,56645216.0,1655610000000.0,1.59,39.61,60.57,3.05,57.6,391.05,331.34,17.91,2.11,0.52,59.71,0.0,0.0
France,1992,FRA,56864048.0,1682860000000.0,1.62,34.23,50.47,3.18,68.96,409.55,338.45,13.06,2.14,0.52,71.1,0.0,0.0
France,1993,FRA,57053728.0,1673260000000.0,1.48,20.96,34.61,3.5,64.89,435.05,368.19,10.15,1.97,0.49,66.86,0.0,0.0
France,1994,FRA,57230064.0,1713240000000.0,1.66,20.9,33.67,3.63,78.79,440.93,359.98,9.14,2.16,0.5,80.95,0.0,0.0
France,1995,FRA,57420356.0,1749670000000.0,1.82,24.18,38.52,3.84,73.12,452.68,377.23,10.5,2.33,0.51,75.45,0.0,0.0
France,1996,FRA,57623180.0,1774690000000.0,1.93,28.04,43.35,4.12,66.04,465.81,397.34,11.19,2.42,0.49,68.47,0.0,0.01
France,1997,FRA,57839364.0,1817070000000.0,2.16,22.18,39.04,4.9,63.76,461.92,395.48,11.96,2.67,0.51,66.44,0.0,0.01
France,1998,FRA,58080344.0,1882610000000.0,2.13,33.53,54.5,4.97,62.09,452.75,387.99,16.0,2.65,0.52,64.76,0.0,0.02
France,1999,FRA,58352208.0,1950260000000.0,2.34,29.28,51.59,7.7,72.51,469.64,394.24,14.61,2.85,0.51,75.4,0.0,0.04
France,2000,FRA,58665456.0,2031950000000.0,2.48,27.0,50.61,11.51,64.78,482.99,415.16,12.1,2.99,0.51,67.83,0.01,0.05
France,2001,FRA,59014776.0,2077910000000.0,2.85,20.48,46.48,15.15,72.62,497.17,421.08,10.85,3.33,0.48,76.09,0.01,0.13
France,2002,FRA,59372784.0,2107290000000.0,3.04,23.66,52.67,18.37,58.88,499.45,436.76,10.64,3.53,0.49,62.69,0.01,0.27
France,2003,FRA,59728260.0,2130780000000.0,3.23,26.26,57.38,19.37,57.35,502.54,441.07,11.75,3.72,0.49,61.47,0.01,0.39
France,2004,FRA,60108436.0,2196570000000.0,3.31,24.37,56.53,21.05,58.04,510.66,448.24,11.11,3.78,0.47,62.42,0.01,0.59
France,2005,FRA,60510080.0,2238360000000.0,3.39,27.51,63.35,23.07,50.14,506.51,451.53,12.77,3.87,0.48,54.98,0.01,0.96
France,2006,FRA,60919152.0,2296440000000.0,3.38,22.89,56.9,21.76,54.88,511.1,450.19,12.25,3.84,0.46,60.91,0.01,2.18
France,2007,FRA,61329380.0,2353920000000.0,3.75,24.45,58.18,21.99,55.99,504.03,439.73,11.74,4.22,0.47,64.3,0.02,4.07
France,2008,FRA,61721004.0,2361540000000.0,3.97,23.06,55.57,21.88,62.16,511.78,439.45,10.63,4.44,0.47,72.33,0.04,5.69
France,2009,FRA,62093300.0,2294310000000.0,4.13,21.67,51.32,20.5,55.49,477.89,409.74,9.15,4.58,0.45,68.15,0.17,7.91
France,2010,FRA,62444568.0,2341290000000.0,4.44,23.36,57.63,23.76,61.2,505.2,428.52,10.51,4.92,0.48,76.68,0.62,9.94
France,2011,FRA,62775272.0,2391850000000.0,5.04,17.39,58.99,29.49,45.74,508.41,442.39,12.11,5.58,0.54,66.02,2.33,12.37
France,2012,FRA,63071412.0,2395400000000.0,5.3,21.46,56.42,22.75,59.83,510.66,425.41,12.21,5.81,0.51,85.25,4.43,15.18
France,2013,FRA,63335180.0,2415700000000.0,5.68,23.84,53.35,18.39,71.92,523.1,423.68,11.12,6.18,0.5,99.42,5.19,16.13
France,2014,FRA,63588496.0,2424450000000.0,5.99,11.26,35.68,13.16,63.77,530.51,436.48,11.26,6.55,0.56,94.03,6.39,17.32
France,2015,FRA,63809768.0,2453070000000.0,6.53,11.89,44.65,21.14,55.56,529.27,437.43,11.62,7.11,0.58,91.84,7.75,21.42
France,2016,FRA,63989320.0,2479390000000.0,7.52,10.23,56.45,34.97,60.84,502.2,403.2,11.25,8.12,0.6,99.0,8.66,21.38
France,2017,FRA,64144092.0,2536200000000.0,7.78,12.81,65.09,40.5,50.0,490.99,398.36,11.78,8.43,0.65,92.63,9.59,24.61
France,2018,FRA,64277812.0,2581670000000.0,8.38,8.31,49.27,30.61,65.11,526.56,412.94,10.35,8.99,0.61,113.62,10.92,28.6
France,2019,FRA,64399760.0,,8.64,3.64,53.5,39.31,56.91,512.22,399.01,10.55,9.25,0.61,113.21,12.33,34.72
France,2020,FRA,64480052.0,,8.76,3.09,48.14,35.28,62.59,479.11,353.83,9.77,9.37,0.61,125.28,13.46,39.86
France,2021,FRA,64531448.0,,9.6,5.44,48.66,33.36,59.62,501.72,379.36,9.86,10.18,0.58,122.36,15.73,36.83
France,2022,FRA,64626624.0,,10.03,4.41,57.28,43.19,46.29,413.39,297.88,9.68,10.61,0.58,115.51,20.05,38.56
Germany,1990,DEU,79370192.0,2015550000000.0,1.6,310.04,375.25,40.46,17.43,171.57,152.47,24.75,1.6,0.0,19.1,0.0,0.07
Germany,1991,DEU,79801984.0,2140550000000.0,1.87,307.67,371.62,36.11,14.89,164.21,147.23,27.84,1.87,0.0,16.98,0.0,0.22
Germany,1992,DEU,80205024.0,2206450000000.0,2.04,295.67,355.13,32.89,17.4,178.53,158.8,26.57,2.04,0.0,19.73,0.0,0.29
Germany,1993,DEU,80573496.0,2210100000000.0,1.97,293.25,348.69,34.57,17.88,173.8,153.28,20.87,1.97,0.0,20.52,0.0,0.67
Germany,1994,DEU,80882120.0,2290160000000.0,2.07,290.29,351.07,40.25,19.93,174.14,150.7,20.53,2.07,0.0,23.44,0.01,1.43
Germany,1995,DEU,81123264.0,2356400000000.0,2.43,289.14,353.79,43.18,21.78,179.02,153.09,21.47,2.43,0.0,25.93,0.01,1.71
Germany,1996,DEU,81300864.0,2402610000000.0,2.5,295.99,364.12,48.02,21.96,186.57,160.02,20.11,2.5,0.0,26.55,0.01,2.08
Germany,1997,DEU,81436096.0,2474740000000.0,2.65,284.34,354.62,49.73,17.36,193.39,170.33,20.55,2.65,0.0,23.06,0.02,3.03
Germany,1998,DEU,81524384.0,2552400000000.0,3.06,292.26,365.83,53.83,17.22,186.55,161.64,19.74,3.06,0.0,24.91,0.04,4.59
Germany,1999,DEU,81556968.0,2632650000000.0,3.51,281.27,353.82,55.06,19.65,198.72,170.0,17.49,3.51,0.0,28.72,0.03,5.53
Germany,2000,DEU,81551680.0,2741360000000.0,4.33,296.68,363.93,49.2,21.73,205.08,169.61,18.05,4.33,0.0,35.47,0.06,9.35
Germany,2001,DEU,81514568.0,2819460000000.0,4.59,293.74,369.76,55.5,22.73,209.2,171.3,20.52,4.59,0.0,37.9,0.12,10.46
Germany,2002,DEU,81443424.0,2851460000000.0,5.31,299.6,374.43,56.3,23.12,209.32,164.84,18.53,5.31,0.0,44.48,0.19,15.86
Germany,2003,DEU,81346808.0,2863390000000.0,8.95,304.63,388.97,62.59,18.32,211.73,165.06,21.75,8.95,0.0,46.67,0.31,19.09
Germany,2004,DEU,81266672.0,2929750000000.0,10.64,298.77,383.34,62.67,20.75,225.04,167.07,21.9,10.64,0.0,57.97,0.56,26.02
Germany,2005,DEU,81212168.0,2983870000000.0,14.71,288.14,384.78,72.19,19.64,226.45,163.05,24.45,14.71,0.0,63.4,1.28,27.77
Germany,2006,DEU,81177816.0,3129390000000.0,18.94,288.93,387.58,74.73,20.03,239.78,167.27,23.92,18.94,0.0,72.51,2.22,31.32
Germany,2007,DEU,81183832.0,3268100000000.0,24.62,297.1,399.83,77.45,21.17,229.91,140.53,25.28,24.62,0.0,89.38,3.08,40.51
Germany,2008,DEU,81217488.0,3340930000000.0,28.02,275.21,388.21,88.48,20.44,242.77,148.49,24.52,28.04,0.02,94.28,4.42,41.38
Germany,2009,DEU,81260624.0,3189040000000.0,30.89,253.45,355.79,80.27,19.03,230.87,134.93,22.07,30.91,0.02,95.94,6.58,39.42
Germany,2010,DEU,81325088.0,3356790000000.0,33.92,262.89,376.99,88.76,20.95,245.74,140.56,25.34,33.95,0.03,105.18,11.73,38.55
Germany,2011,DEU,81423384.0,3519130000000.0,36.89,262.46,371.25,85.67,17.67,232.01,107.97,23.12,36.91,0.02,124.04,19.6,49.86
Germany,2012,DEU,81545568.0,3536440000000.0,43.2,276.23,375.84,75.95,21.75,242.5,99.46,23.66,43.23,0.03,143.04,26.38,51.68
Germany,2013,DEU,81680592.0,3553720000000.0,45.51,288.2,379.47,67.0,23.0,249.63,97.29,24.27,45.59,0.08,152.34,31.01,52.74
Germany,2014,DEU,81858824.0,3610400000000.0,48.29,274.41,358.29,60.61,19.59,259.67,97.13,23.27,48.39,0.1,162.54,36.06,58.5
Germany,2015,DEU,82073232.0,3672550000000.0,50.33,272.2,358.09,61.47,18.98,280.58,91.79,24.42,50.46,0.13,188.79,38.73,80.62
Germany,2016,DEU,82331432.0,3735420000000.0,50.93,261.75,366.67,80.62,20.55,274.3,84.63,24.3,51.1,0.17,189.67,38.1,79.92
Germany,2017,DEU,82624368.0,3827500000000.0,50.92,241.26,351.4,86.04,20.15,292.64,76.32,24.1,51.08,0.16,216.32,39.4,105.69
Germany,2018,DEU,82896696.0,3885960000000.0,50.79,228.16,332.62,81.56,17.69,298.07,76.0,22.9,50.97,0.18,222.07,43.46,109.95
Germany,2019,DEU,83148144.0,,50.13,171.45,283.17,90.0,19.73,315.4,75.07,21.72,50.33,0.2,240.33,44.38,125.89
Germany,2020,DEU,83328992.0,,50.93,134.6,250.02,95.0,18.72,315.87,64.38,20.42,51.16,0.23,251.49,49.5,132.11
Germany,2021,DEU,83408560.0,,46.91,164.5,276.5,90.3,19.66,299.93,69.13,21.7,47.15,0.24,230.8,49.34,114.65
Germany,2022,DEU,83369840.0,,41.51,178.94,280.96,79.8,17.06,279.59,35.86,22.22,41.75,0.24,243.73,60.01,124.91
Greece,1990,GRC,10302255.0,161709000000.0,0.0,25.17,33.01,0.09,1.77,1.77,0.0,7.75,0.0,0.0,1.77,0.0,0.0
Greece,1991,GRC,10391552.0,168231000000.0,0.0,23.7,32.64,0.09,3.1,3.1,0.0,8.85,0.0,0.0,3.1,0.0,0.0
Greece,1992,GRC,10478389.0,170929000000.0,0.0,26.61,35.01,0.08,2.2,2.21,0.0,8.32,0.0,0.0,2.21,0.0,0.01
Greece,1993,GRC,10563442.0,169707000000.0,0.0,27.79,35.8,0.08,2.28,2.33,0.0,7.93,0.0,0.0,2.33,0.0,0.05
Greece,1994,GRC,10647420.0,174663000000.0,0.0,29.58,37.75,0.08,2.6,2.64,0.0,8.09,0.0,0.0,2.64,0.0,0.04
Greece,1995,GRC,10727928.0,179928000000.0,0.0,28.7,37.74,0.08,3.53,3.56,0.0,8.96,0.0,0.0,3.56,0.0,0.03
Greece,1996,GRC,10803809.0,186745000000.0,0.0,29.3,38.03,0.08,4.35,4.39,0.0,8.65,0.0,0.0,4.39,0.0,0.04
Greece,1997,GRC,10875274.0,196869000000.0,0.0,30.63,39.37,0.33,3.88,3.92,0.0,8.41,0.0,0.0,3.92,0.0,0.04
Greece,1998,GRC,10939474.0,206381000000.0,0.0,32.45,42.4,1.71,3.72,3.79,0.0,8.24,0.0,0.0,3.79,0.0,0.07
Greece,1999,GRC,10993861.0,214634000000.0,0.0,32.38,44.64,3.91,4.59,4.75,0.0,8.35,0.0,0.0,4.75,0.0,0.16
Greece,2000,GRC,11038112.0,225055000000.0,0.0,34.31,49.28,5.92,3.69,4.14,0.0,9.05,0.0,0.0,4.14,0.0,0.45
Greece,2001,GRC,11072182.0,236462000000.0,0.08,35.43,50.14,6.13,2.1,2.94,0.0,8.58,0.08,0.0,2.94,0.0,0.76
Greece,2002,GRC,11096620.0,247946000000.0,0.13,34.57,50.37,7.06,2.8,3.58,0.0,8.74,0.13,0.0,3.58,0.0,0.65
Greece,2003,GRC,11110488.0,264672000000.0,0.1,35.17,52.01,8.02,4.77,5.89,0.0,8.82,0.1,0.0,5.89,0.0,1.02
Greece,2004,GRC,11115089.0,280567000000.0,0.12,35.38,52.89,8.99,4.67,5.91,0.0,8.52,0.12,0.0,5.91,0.0,1.12
Greece,2005,GRC,11113450.0,284787000000.0,0.12,35.54,53.02,8.17,5.02,6.41,0.0,9.31,0.12,0.0,6.41,0.0,1.27
Greece,2006,GRC,11106097.0,303593000000.0,0.11,32.26,52.5,10.61,5.86,7.67,0.0,9.63,0.11,0.0,7.67,0.0,1.7
Greece,2007,GRC,11091491.0,316351000000.0,0.18,34.68,58.12,14.16,2.59,4.59,0.0,9.28,0.18,0.0,4.59,0.0,1.82
Greece,2008,GRC,11073621.0,318127000000.0,0.19,33.36,57.17,13.8,3.31,5.75,0.0,10.01,0.19,0.0,5.75,0.01,2.24
Greece,2009,GRC,11055503.0,307181000000.0,0.22,34.19,52.91,11.02,5.35,8.16,0.0,7.7,0.22,0.0,8.16,0.05,2.54
Greece,2010,GRC,11033784.0,292967000000.0,0.19,30.8,46.85,9.85,7.47,10.53,0.0,6.2,0.19,0.0,10.53,0.16,2.71
Greece,2011,GRC,11004730.0,268612000000.0,0.21,31.07,51.04,14.07,4.01,8.15,0.0,5.9,0.21,0.0,8.15,0.61,3.32
Greece,2012,GRC,10963633.0,248993000000.0,0.2,31.11,50.62,13.48,4.39,10.13,0.0,6.03,0.2,0.0,10.13,1.69,3.85
Greece,2013,GRC,10914501.0,240930000000.0,0.22,26.4,42.76,10.88,6.35,14.36,0.0,5.48,0.22,0.0,14.36,3.65,4.14
Greece,2014,GRC,10862972.0,241776000000.0,0.22,25.75,38.17,6.79,4.48,12.18,0.0,5.63,0.22,0.0,12.18,3.79,3.69
Greece,2015,GRC,10806644.0,241242000000.0,0.23,22.11,36.98,9.09,6.1,14.85,0.0,5.78,0.23,0.0,14.85,3.9,4.62
Greece,2016,GRC,10749742.0,241654000000.0,0.27,18.88,39.52,14.97,5.54,14.89,0.0,5.67,0.27,0.0,14.89,3.93,5.15
Greece,2017,GRC,10692230.0,245291000000.0,0.31,18.76,41.38,17.13,3.96,13.8,0.0,5.49,0.31,0.0,13.8,3.99,5.54
Greece,2018,GRC,10633275.0,250036000000.0,0.31,17.19,37.11,14.09,5.74,16.14,0.0,5.83,0.31,0.0,16.14,3.79,6.3
Greece,2019,GRC,10574026.0,,0.4,12.12,32.48,14.5,4.0,16.1,0.0,5.86,0.4,0.0,16.1,4.43,7.27
Greece,2020,GRC,10512232.0,,0.45,6.61,30.61,19.23,3.34,17.55,0.0,4.77,0.45,0.0,17.55,4.45,9.31
Greece,2021,GRC,10445368.0,,0.5,5.32,32.52,22.49,5.9,22.13,0.0,4.71,0.5,0.0,22.13,5.25,10.48
Greece,2022,GRC,10384972.0,,0.5,5.48,29.75,19.56,4.73,22.6,0.0,4.71,0.5,0.0,22.6,6.5,10.87
Hungary,1990,HUN,10375989.0,106789000000.0,0.02,8.55,14.51,4.47,0.18,13.93,13.73,1.49,0.02,0.0,0.2,0.0,0.0
Hungary,1991,HUN,10374750.0,95995723776.0,0.02,8.04,16.02,5.03,0.19,13.94,13.73,2.95,0.02,0.0,0.21,0.0,0.0
Hungary,1992,HUN,10370067.0,94900822016.0,0.05,9.11,17.51,4.2,0.16,14.17,13.96,4.2,0.05,0.0,0.21,0.0,0.0
Hungary,1993,HUN,10357423.0,96248037376.0,0.04,9.02,18.9,4.08,0.17,14.01,13.8,5.8,0.04,0.0,0.21,0.0,0.0
Hungary,1994,HUN,10342435.0,101057000000.0,0.05,8.73,19.26,4.83,0.16,14.26,14.05,5.7,0.05,0.0,0.21,0.0,0.0
Hungary,1995,HUN,10327171.0,104661000000.0,0.06,9.08,19.77,5.21,0.16,14.25,14.03,5.48,0.06,0.0,0.22,0.0,0.0
Hungary,1996,HUN,10308272.0,106794000000.0,0.05,9.61,20.65,6.37,0.21,14.44,14.18,4.67,0.05,0.0,0.26,0.0,0.0
Hungary,1997,HUN,10286223.0,112579000000.0,0.05,9.39,21.16,5.74,0.22,14.24,13.97,6.03,0.05,0.0,0.27,0.0,0.0
Hungary,1998,HUN,10260965.0,119715000000.0,0.06,9.56,23.03,7.32,0.16,14.17,13.95,6.15,0.06,0.0,0.22,0.0,0.0
Hungary,1999,HUN,10230263.0,126067000000.0,0.06,10.18,23.49,7.82,0.18,14.34,14.1,5.49,0.06,0.0,0.24,0.0,0.0
Hungary,2000,HUN,10202054.0,134035000000.0,0.06,9.59,20.77,6.6,0.18,14.42,14.18,4.58,0.06,0.0,0.24,0.0,0.0
Hungary,2001,HUN,10177955.0,141920000000.0,0.07,8.84,22.03,8.86,0.19,14.39,14.13,4.33,0.07,0.0,0.26,0.0,0.0
Hungary,2002,HUN,10148404.0,151325000000.0,0.04,8.98,21.97,10.74,0.19,14.18,13.95,2.25,0.04,0.0,0.23,0.0,0.0
Hungary,2003,HUN,10118060.0,160317000000.0,0.16,9.17,22.79,11.88,0.17,11.34,11.01,1.74,0.16,0.0,0.33,0.0,0.0
Hungary,2004,HUN,10094499.0,171776000000.0,0.73,8.18,20.86,11.72,0.2,12.85,11.91,0.96,0.73,0.0,0.94,0.0,0.01
Hungary,2005,HUN,10073533.0,182948000000.0,1.66,7.02,20.05,12.38,0.2,15.7,13.83,0.65,1.66,0.0,1.87,0.0,0.01
Hungary,2006,HUN,10057063.0,193865000000.0,1.26,7.0,20.9,13.16,0.19,14.95,13.46,0.74,1.26,0.0,1.49,0.0,0.04
Hungary,2007,HUN,10041171.0,198700000000.0,1.56,7.37,23.4,15.23,0.21,16.56,14.68,0.8,1.56,0.0,1.88,0.0,0.11
Hungary,2008,HUN,10023508.0,204543000000.0,1.94,7.08,22.85,15.18,0.21,17.17,14.82,0.59,1.94,0.0,2.35,0.0,0.2
Hungary,2009,HUN,10008581.0,195012000000.0,2.33,6.34,17.59,10.42,0.23,18.32,15.43,0.83,2.33,0.0,2.89,0.0,0.33
Hungary,2010,HUN,9986832.0,200323000000.0,2.3,6.23,18.59,11.6,0.19,18.78,15.76,0.76,2.3,0.0,3.02,0.0,0.53
Hungary,2011,HUN,9953247.0,207958000000.0,1.86,6.48,17.62,10.74,0.22,18.4,15.69,0.4,1.86,0.0,2.71,0.0,0.63
Hungary,2012,HUN,9922133.0,204625000000.0,1.65,6.34,16.19,9.4,0.21,18.43,15.79,0.45,1.65,0.0,2.64,0.01,0.77
Hungary,2013,HUN,9894637.0,208959000000.0,1.83,6.3,12.1,5.54,0.21,18.15,15.37,0.26,1.83,0.0,2.78,0.02,0.72
Hungary,2014,HUN,9867906.0,217413000000.0,2.13,5.99,10.54,4.24,0.3,18.81,15.65,0.31,2.13,0.0,3.16,0.07,0.66
Hungary,2015,HUN,9844250.0,224257000000.0,2.16,5.79,11.24,5.11,0.23,19.05,15.83,0.34,2.16,0.0,3.22,0.14,0.69
Hungary,2016,HUN,9815106.0,228414000000.0,2.07,5.63,12.51,6.48,0.26,19.3,16.05,0.4,2.07,0.0,3.25,0.24,0.68
Hungary,2017,HUN,9788940.0,238288000000.0,2.15,4.93,13.25,7.87,0.22,19.58,16.1,0.45,2.15,0.0,3.48,0.35,0.76
Hungary,2018,HUN,9776361.0,250426000000.0,2.3,4.67,12.43,7.28,0.22,19.5,15.73,0.48,2.31,0.01,3.77,0.63,0.61
Hungary,2019,HUN,9771799.0,,2.23,4.03,13.2,8.7,0.22,20.99,16.29,0.47,2.25,0.02,4.7,1.5,0.73
Hungary,2020,HUN,9750571.0,,2.15,3.71,13.2,9.09,0.24,21.58,16.06,0.4,2.17,0.02,5.52,2.46,0.65
Hungary,2021,HUN,9709784.0,,2.23,3.01,13.06,9.65,0.21,22.9,15.99,0.4,2.24,0.01,6.91,3.8,0.66
Hungary,2022,HUN,9967304.0,,2.25,2.9,12.14,8.88,0.19,23.52,15.82,0.36,2.26,0.01,7.7,4.64,0.61
Ireland,1990,IRL,3485370.0,66087473152.0,0.0,5.92,13.53,3.94,0.7,0.7,0.0,3.67,0.0,0.0,0.7,0.0,0.0
Ireland,1991,IRL,3504806.0,67936149504.0,0.0,5.85,14.18,3.75,0.75,0.75,0.0,4.58,0.0,0.0,0.75,0.0,0.0
Ireland,1992,IRL,3528370.0,71167893504.0,0.0,6.66,14.96,3.65,0.82,0.82,0.0,4.65,0.0,0.0,0.82,0.0,0.0
Ireland,1993,IRL,3545700.0,73646604288.0,0.0,6.62,15.37,4.53,0.76,0.77,0.0,4.22,0.0,0.0,0.77,0.0,0.01
Ireland,1994,IRL,3559396.0,78875959296.0,0.0,6.68,15.89,4.46,0.92,0.94,0.0,4.75,0.0,0.0,0.94,0.0,0.02
Ireland,1995,IRL,3579486.0,87428767744.0,0.0,7.02,16.88,5.16,0.71,0.73,0.0,4.7,0.0,0.0,0.73,0.0,0.02
Ireland,1996,IRL,3606725.0,96464093184.0,0.03,6.99,18.15,6.29,0.72,0.76,0.0,4.87,0.03,0.0,0.76,0.0,0.01
Ireland,1997,IRL,3640157.0,108048000000.0,0.08,6.79,18.88,6.57,0.68,0.81,0.0,5.52,0.08,0.0,0.81,0.0,0.05
Ireland,1998,IRL,3678670.0,118272000000.0,0.09,6.74,19.71,6.43,0.92,1.18,0.0,6.54,0.09,0.0,1.18,0.0,0.17
Ireland,1999,IRL,3719918.0,132615000000.0,0.09,5.83,20.64,6.96,0.85,1.13,0.0,7.85,0.09,0.0,1.13,0.0,0.19
Ireland,2000,IRL,3768954.0,147423000000.0,0.09,6.82,22.49,9.26,0.85,1.18,0.0,6.41,0.09,0.0,1.18,0.0,0.24
Ireland,2001,IRL,3829019.0,158126000000.0,0.1,7.06,23.61,9.15,0.6,1.03,0.0,7.4,0.1,0.0,1.03,0.0,0.33
Ireland,2002,IRL,3894256.0,168846000000.0,0.08,6.82,23.46,10.83,0.91,1.38,0.0,5.81,0.08,0.0,1.38,0.0,0.39
Ireland,2003,IRL,3958706.0,177045000000.0,0.09,6.2,23.72,13.04,0.6,1.14,0.0,4.48,0.09,0.0,1.14,0.0,0.45
Ireland,2004,IRL,4031961.0,191105000000.0,0.11,6.23,23.83,12.9,0.63,1.39,0.0,4.7,0.11,0.0,1.39,0.0,0.65
Ireland,2005,IRL,4121220.0,204429000000.0,0.13,6.39,23.75,11.57,0.63,1.87,0.0,5.79,0.13,0.0,1.87,0.0,1.11
Ireland,2006,IRL,4234809.0,218887000000.0,0.13,5.88,24.64,13.79,0.72,2.47,0.0,4.97,0.13,0.0,2.47,0.0,1.62
Ireland,2007,IRL,4359841.0,229784000000.0,0.18,5.44,25.56,16.06,0.67,2.81,0.0,4.06,0.18,0.0,2.81,0.0,1.96
Ireland,2008,IRL,4452393.0,222240000000.0,0.22,5.14,26.32,16.72,0.97,3.6,0.0,4.46,0.22,0.0,3.6,0.0,2.41
Ireland,2009,IRL,4499797.0,214514000000.0,0.26,4.0,23.85,16.3,0.9,4.12,0.0,3.55,0.26,0.0,4.12,0.0,2.96
Ireland,2010,IRL,4524581.0,221368000000.0,0.31,3.55,24.44,18.11,0.6,3.72,0.0,2.78,0.31,0.0,3.72,0.0,2.81
Ireland,2011,IRL,4544504.0,223964000000.0,0.34,3.94,21.73,15.43,0.71,5.43,0.0,2.36,0.34,0.0,5.43,0.0,4.38
Ireland,2012,IRL,4564550.0,221944000000.0,0.44,5.02,21.88,14.14,0.8,5.25,0.0,2.72,0.44,0.0,5.25,0.0,4.01
Ireland,2013,IRL,4588830.0,225008000000.0,0.49,4.28,19.94,13.13,0.6,5.63,0.0,2.53,0.49,0.0,5.63,0.0,4.54
Ireland,2014,IRL,4622165.0,244832000000.0,0.54,3.96,19.42,12.64,0.71,6.39,0.0,2.82,0.54,0.0,6.39,0.0,5.14
Ireland,2015,IRL,4665764.0,254793000000.0,0.48,4.87,20.24,12.37,0.81,7.86,0.0,3.0,0.48,0.0,7.86,0.0,6.57
Ireland,2016,IRL,4715791.0,268695000000.0,0.68,4.7,22.71,15.33,0.68,7.52,0.0,2.68,0.68,0.0,7.52,0.01,6.15
Ireland,2017,IRL,4771860.0,290582000000.0,0.74,3.64,21.78,15.68,0.69,8.88,0.0,2.46,0.74,0.0,8.88,0.01,7.44
Ireland,2018,IRL,4834506.0,314322000000.0,0.85,2.15,20.7,16.02,0.69,10.2,0.0,2.53,0.85,0.0,10.2,0.02,8.64
Ireland,2019,IRL,4896021.0,,0.85,0.51,18.92,15.91,0.89,11.8,0.0,2.5,0.85,0.0,11.8,0.04,10.02
Ireland,2020,IRL,4946123.0,,0.92,0.67,18.51,16.24,0.93,13.46,0.0,1.6,0.92,0.0,13.46,0.06,11.55
Ireland,2021,IRL,4986525.0,,1.0,2.72,19.98,15.16,0.75,11.61,0.0,2.1,1.0,0.0,11.61,0.09,9.77
Ireland,2022,IRL,5023108.0,,1.0,2.47,20.63,16.53,0.7,12.97,0.0,1.63,1.0,0.0,12.97,0.09,11.18
Italy,1990,ITA,56756560.0,1475490000000.0,0.05,32.05,178.25,39.71,31.63,34.9,0.0,106.49,3.27,3.22,34.9,0.0,0.0
Italy,1991,ITA,56794488.0,1508720000000.0,0.11,28.5,172.9,36.34,42.24,45.53,0.0,108.06,3.29,3.18,45.53,0.0,0.0
Italy,1992,ITA,56833184.0,1531920000000.0,0.1,21.36,176.6,35.48,42.2,45.77,0.0,119.76,3.56,3.46,45.77,0.01,0.0
Italy,1993,ITA,56869456.0,1529550000000.0,0.12,16.66,174.17,39.96,41.42,45.22,0.0,117.55,3.79,3.67,45.22,0.01,0.0
Italy,1994,ITA,56883820.0,1573410000000.0,0.15,19.86,180.2,40.8,44.66,48.25,0.0,119.54,3.57,3.42,48.25,0.01,0.01
Italy,1995,ITA,56885124.0,1630200000000.0,0.22,24.12,195.54,47.0,37.78,41.46,0.0,124.42,3.66,3.44,41.46,0.01,0.01
Italy,1996,ITA,56898972.0,1662790000000.0,0.38,22.08,192.83,50.19,42.04,46.22,0.0,120.56,4.14,3.76,46.22,0.01,0.03
Italy,1997,ITA,56925808.0,1705190000000.0,0.56,20.51,199.62,61.29,41.6,46.19,0.0,117.82,4.46,3.9,46.19,0.01,0.12
Italy,1998,ITA,56938736.0,1744900000000.0,0.8,23.31,206.45,70.88,41.22,46.48,0.0,112.26,5.01,4.21,46.48,0.02,0.23
Italy,1999,ITA,56945064.0,1784530000000.0,1.13,23.81,207.28,86.98,45.37,51.32,0.0,96.49,5.53,4.4,51.32,0.02,0.4
Italy,2000,ITA,56966400.0,1863750000000.0,1.39,26.28,218.28,101.36,44.2,50.87,0.0,90.64,6.09,4.7,50.87,0.02,0.56
Italy,2001,ITA,56994992.0,1910080000000.0,1.83,31.73,216.73,104.19,46.81,54.35,0.0,80.81,6.34,4.51,54.35,0.02,1.18
Italy,2002,ITA,57107576.0,1928260000000.0,2.71,35.45,228.45,99.41,39.52,48.31,0.0,93.59,7.37,4.66,48.31,0.02,1.4
Italy,2003,ITA,57425176.0,1944750000000.0,3.37,38.81,238.52,117.3,36.67,46.86,0.0,82.41,8.71,5.34,46.86,0.02,1.46
Italy,2004,ITA,57860664.0,1989360000000.0,4.22,45.52,240.95,129.84,42.34,53.87,0.0,65.59,9.66,5.44,53.87,0.03,1.84
Italy,2005,ITA,58199876.0,2022360000000.0,4.67,43.61,247.29,149.33,36.07,48.43,0.0,54.35,9.99,5.32,48.43,0.03,2.34
Italy,2006,ITA,58429904.0,2077410000000.0,5.11,44.21,256.03,158.14,36.99,50.64,0.0,53.68,10.64,5.53,50.64,0.04,2.97
Italy,2007,ITA,58778480.0,2122820000000.0,5.26,44.11,259.49,172.71,32.82,47.72,0.0,42.67,10.83,5.57,47.72,0.04,4.03
Italy,2008,ITA,59224228.0,2115290000000.0,5.97,43.07,254.34,172.77,41.62,58.16,0.0,38.5,11.49,5.52,58.16,0.19,4.86
Italy,2009,ITA,59562844.0,2013340000000.0,7.56,39.74,218.32,147.36,49.14,69.26,0.0,31.22,12.9,5.34,69.26,0.68,6.54
Italy,2010,ITA,59822452.0,2061690000000.0,9.44,39.73,220.93,152.81,51.12,76.97,0.0,28.39,14.82,5.38,76.97,1.91,9.12
Italy,2011,ITA,60025952.0,2088120000000.0,10.83,44.73,216.78,144.6,45.82,82.95,0.0,27.45,16.48,5.65,82.95,10.8,9.85
Italy,2012,ITA,60190152.0,2029240000000.0,12.49,49.14,204.26,129.14,41.87,92.22,0.0,25.98,18.08,5.59,92.22,18.86,13.41
Italy,2013,ITA,60312600.0,1994210000000.0,17.08,45.1,175.07,108.91,52.77,112.0,0.0,21.06,22.74,5.66,112.0,21.59,14.9
Italy,2014,ITA,60322792.0,1996480000000.0,18.72,43.45,156.76,93.66,58.55,120.68,0.0,19.65,24.64,5.92,120.68,22.31,15.18
Italy,2015,ITA,60232908.0,2012110000000.0,19.39,43.2,172.06,110.88,45.54,108.89,0.0,17.98,25.57,6.18,108.89,22.94,14.84
Italy,2016,ITA,60118628.0,2026960000000.0,19.5,35.61,179.19,126.17,42.43,108.01,0.0,17.41,25.79,6.29,108.01,22.1,17.69
Italy,2017,ITA,60004024.0,2060760000000.0,19.37,32.63,189.44,140.36,36.2,103.89,0.0,16.45,25.57,6.2,103.89,24.38,17.74
Italy,2018,ITA,59877432.0,2077210000000.0,19.14,28.47,172.98,128.56,48.79,114.41,0.0,15.95,25.25,6.11,114.41,22.65,17.72
Italy,2019,ITA,59727936.0,,19.55,18.84,175.52,141.7,46.32,115.83,0.0,14.98,25.62,6.07,115.83,23.69,20.2
Italy,2020,ITA,59500576.0,,19.62,13.38,161.17,133.7,47.55,116.9,0.0,14.09,25.65,6.03,116.9,24.94,18.76
Italy,2021,ITA,59240336.0,,19.06,14.02,170.06,144.01,45.39,116.33,0.0,12.03,24.97,5.91,116.33,25.04,20.93
Italy,2022,ITA,59037472.0,,18.38,21.72,181.73,145.04,30.77,103.0,0.0,14.97,24.22,5.84,103.0,27.73,20.28
Latvia,1990,LVA,2689398.0,42100703232.0,0.0,0.0,2.15,1.73,4.5,4.5,0.0,0.42,0.0,0.0,4.5,0.0,0.0
Latvia,1991,LVA,2678970.0,36517597184.0,0.0,0.0,2.37,1.81,3.28,3.28,0.0,0.56,0.0,0.0,3.28,0.0,0.0
Latvia,1992,LVA,2662885.0,24608100352.0,0.0,0.0,1.32,1.15,2.52,2.52,0.0,0.17,0.0,0.0,2.52,0.0,0.0
Latvia,1993,LVA,2638889.0,21636016128.0,0.0,0.0,1.05,0.56,2.88,2.88,0.0,0.49,0.0,0.0,2.88,0.0,0.0
Latvia,1994,LVA,2606464.0,21944829952.0,0.0,0.0,1.13,0.31,3.31,3.31,0.0,0.82,0.0,0.0,3.31,0.0,0.0
Latvia,1995,LVA,2570150.0,21646094336.0,0.0,0.0,1.05,0.53,2.94,2.94,0.0,0.52,0.0,0.0,2.94,0.0,0.0
Latvia,1996,LVA,2534288.0,21989048320.0,0.0,0.0,1.26,0.52,1.86,1.86,0.0,0.74,0.0,0.0,1.86,0.0,0.0
Latvia,1997,LVA,2498881.0,23781386240.0,0.0,0.0,1.56,1.25,2.95,2.95,0.0,0.31,0.0,0.0,2.95,0.0,0.0
Latvia,1998,LVA,2462333.0,25140078592.0,0.0,0.0,1.48,1.08,4.32,4.32,0.0,0.4,0.0,0.0,4.32,0.0,0.0
Latvia,1999,LVA,2426357.0,25600796672.0,0.0,0.0,1.35,0.95,2.76,2.76,0.0,0.4,0.0,0.0,2.76,0.0,0.0
Latvia,2000,LVA,2392536.0,26780788736.0,0.0,0.0,1.32,1.13,2.82,2.82,0.0,0.19,0.0,0.0,2.82,0.0,0.0
Latvia,2001,LVA,2359255.0,28293371904.0,0.0,0.0,1.44,1.3,2.83,2.83,0.0,0.14,0.0,0.0,2.83,0.0,0.0
Latvia,2002,LVA,2326150.0,30072958976.0,0.01,0.0,1.49,1.31,2.46,2.48,0.0,0.18,0.01,0.0,2.48,0.0,0.01
Latvia,2003,LVA,2294342.0,32361883648.0,0.02,0.0,1.63,1.53,2.27,2.34,0.0,0.1,0.02,0.0,2.34,0.0,0.05
Latvia,2004,LVA,2263453.0,34792599552.0,0.04,0.0,1.49,1.43,3.11,3.2,0.0,0.06,0.04,0.0,3.2,0.0,0.05
Latvia,2005,LVA,2233165.0,38221836288.0,0.04,0.0,1.5,1.49,3.33,3.42,0.0,0.01,0.04,0.0,3.42,0.0,0.05
Latvia,2006,LVA,2203917.0,42441265152.0,0.04,0.0,2.1,2.1,2.7,2.79,0.0,0.0,0.04,0.0,2.79,0.0,0.05
Latvia,2007,LVA,2176059.0,46307684352.0,0.04,0.0,1.94,1.92,2.73,2.82,0.0,0.02,0.04,0.0,2.82,0.0,0.05
Latvia,2008,LVA,2150411.0,44298825728.0,0.04,0.0,2.06,2.06,3.11,3.21,0.0,0.0,0.04,0.0,3.21,0.0,0.06
Latvia,2009,LVA,2126268.0,37661278208.0,0.05,0.0,2.01,2.01,3.46,3.56,0.0,0.0,0.05,0.0,3.56,0.0,0.05
Latvia,2010,LVA,2101537.0,35958493184.0,0.07,0.0,2.99,2.99,3.52,3.64,0.0,0.0,0.07,0.0,3.64,0.0,0.05
Latvia,2011,LVA,2076974.0,37962579968.0,0.12,0.0,3.01,3.01,2.89,3.08,0.0,0.0,0.12,0.0,3.08,0.0,0.07
Latvia,2012,LVA,2053635.0,39482474496.0,0.29,0.0,2.06,2.06,3.71,4.11,0.0,0.0,0.29,0.0,4.11,0.0,0.11
Latvia,2013,LVA,2031491.0,40519245824.0,0.5,0.0,2.67,2.67,2.91,3.53,0.0,0.0,0.5,0.0,3.53,0.0,0.12
Latvia,2014,LVA,2011040.0,41379799040.0,0.67,0.0,2.34,2.34,1.99,2.8,0.0,0.0,0.67,0.0,2.8,0.0,0.14
Latvia,2015,LVA,1991951.0,42500100096.0,0.77,0.0,2.76,2.76,1.86,2.78,0.0,0.0,0.77,0.0,2.78,0.0,0.15
Latvia,2016,LVA,1973477.0,43297222656.0,0.82,0.0,2.94,2.94,2.53,3.48,0.0,0.0,0.82,0.0,3.48,0.0,0.13
Latvia,2017,LVA,1954861.0,44937031680.0,0.93,0.0,2.07,2.07,4.38,5.46,0.0,0.0,0.93,0.0,5.46,0.0,0.15
Latvia,2018,LVA,1935632.0,46862479360.0,0.94,0.0,3.23,3.22,2.43,3.49,0.0,0.01,0.94,0.0,3.49,0.0,0.12
Latvia,2019,LVA,1916552.0,,0.93,0.0,3.25,3.25,2.11,3.19,0.0,0.0,0.93,0.0,3.19,0.0,0.15
Latvia,2020,LVA,1897057.0,,0.86,0.0,2.08,2.08,2.6,3.64,0.0,0.0,0.86,0.0,3.64,0.0,0.18
Latvia,2021,LVA,1873926.0,,0.86,0.0,2.13,2.13,2.71,3.72,0.0,0.0,0.86,0.0,3.72,0.01,0.14
Latvia,2022,LVA,1850654.0,,0.68,0.0,1.42,1.42,2.77,3.65,0.0,0.0,0.68,0.0,3.65,0.01,0.19
Lithuania,1990,LTU,3785851.0,51021991936.0,0.0,0.0,10.92,6.77,0.41,17.44,17.03,4.15,0.0,0.0,0.41,0.0,0.0
Lithuania,1991,LTU,3793430.0,48112087040.0,0.0,0.0,11.99,6.29,0.34,17.34,17.0,5.7,0.0,0.0,0.34,0.0,0.0
Lithuania,1992,LTU,3795748.0,37861879808.0,0.0,0.0,3.58,1.26,0.31,14.95,14.64,2.32,0.0,0.0,0.31,0.0,0.0
Lithuania,1993,LTU,3788532.0,31722383360.0,0.0,0.0,1.26,0.26,0.39,12.65,12.26,1.0,0.0,0.0,0.39,0.0,0.0
Lithuania,1994,LTU,3770461.0,28612204544.0,0.0,0.0,1.57,0.33,0.45,8.16,7.71,1.24,0.0,0.0,0.45,0.0,0.0
Lithuania,1995,LTU,3747269.0,30095167488.0,0.0,0.0,1.3,0.23,0.37,12.19,11.82,1.07,0.0,0.0,0.37,0.0,0.0
Lithuania,1996,LTU,3722023.0,31645790208.0,0.0,0.0,1.93,0.65,0.33,14.27,13.94,1.28,0.0,0.0,0.33,0.0,0.0
Lithuania,1997,LTU,3694897.0,34267160576.0,0.0,0.0,2.03,0.49,0.3,12.32,12.02,1.54,0.0,0.0,0.3,0.0,0.0
Lithuania,1998,LTU,3665514.0,36819656704.0,0.0,0.0,3.13,0.28,0.42,13.97,13.55,2.85,0.0,0.0,0.42,0.0,0.0
Lithuania,1999,LTU,3633949.0,36398338048.0,0.0,0.0,2.75,1.0,0.41,10.27,9.86,1.75,0.0,0.0,0.41,0.0,0.0
Lithuania,2000,LTU,3599639.0,37788340224.0,0.0,0.0,2.27,1.62,0.34,8.76,8.42,0.65,0.0,0.0,0.34,0.0,0.0
Lithuania,2001,LTU,3560145.0,40252133376.0,0.0,0.0,2.6,1.88,0.33,11.69,11.36,0.72,0.0,0.0,0.33,0.0,0.0
Lithuania,2002,LTU,3515799.0,42971131904.0,0.0,0.0,2.66,2.11,0.35,14.49,14.14,0.55,0.0,0.0,0.35,0.0,0.0
Lithuania,2003,LTU,3469683.0,47492665344.0,0.01,0.0,2.85,2.52,0.32,15.81,15.48,0.33,0.01,0.0,0.33,0.0,0.0
Lithuania,2004,LTU,3422593.0,50600710144.0,0.01,0.0,3.05,2.69,0.42,15.53,15.1,0.36,0.01,0.0,0.43,0.0,0.0
Lithuania,2005,LTU,3373536.0,54504800256.0,0.01,0.0,3.42,3.02,0.45,10.8,10.34,0.4,0.01,0.0,0.46,0.0,0.0
Lithuania,2006,LTU,3322937.0,58536325120.0,0.02,0.0,2.79,2.46,0.4,9.08,8.65,0.33,0.02,0.0,0.43,0.0,0.01
Lithuania,2007,LTU,3272416.0,65020497920.0,0.05,0.0,2.82,2.4,0.42,10.41,9.83,0.42,0.05,0.0,0.58,0.0,0.11
Lithuania,2008,LTU,3224384.0,66724208640.0,0.07,0.0,2.6,2.03,0.4,10.49,9.89,0.57,0.07,0.0,0.6,0.0,0.13
Lithuania,2009,LTU,3180482.0,56833646592.0,0.1,0.0,2.84,2.1,0.42,11.53,10.85,0.74,0.1,0.0,0.68,0.0,0.16
Lithuania,2010,LTU,3139021.0,57760002048.0,0.15,0.0,3.84,3.19,0.54,0.91,0.0,0.65,0.15,0.0,0.91,0.0,0.22
Lithuania,2011,LTU,3099800.0,61248360448.0,0.16,0.0,2.88,2.67,0.48,1.11,0.0,0.21,0.16,0.0,1.11,0.0,0.47
Lithuania,2012,LTU,3063340.0,63596855296.0,0.22,0.0,3.12,2.88,0.42,1.18,0.0,0.24,0.22,0.0,1.18,0.0,0.54
Lithuania,2013,LTU,3028191.0,65826070528.0,0.36,0.0,2.45,2.22,0.52,1.53,0.0,0.23,0.36,0.0,1.53,0.05,0.6
Lithuania,2014,LTU,2994928.0,68128043008.0,0.4,0.0,1.95,1.75,0.4,1.51,0.0,0.2,0.4,0.0,1.51,0.07,0.64
Lithuania,2015,LTU,2963764.0,69339054080.0,0.45,0.0,2.32,1.98,0.35,1.68,0.0,0.34,0.45,0.0,1.68,0.07,0.81
Lithuania,2016,LTU,2933676.0,70911025152.0,0.44,0.0,1.31,0.99,0.45,2.1,0.0,0.32,0.44,0.0,2.1,0.07,1.14
Lithuania,2017,LTU,2904452.0,73923043328.0,0.5,0.0,0.82,0.6,0.6,2.53,0.0,0.22,0.5,0.0,2.53,0.07,1.36
Lithuania,2018,LTU,2876128.0,76617523200.0,0.54,0.0,0.55,0.33,0.43,2.2,0.0,0.22,0.54,0.0,2.2,0.09,1.14
Lithuania,2019,LTU,2849083.0,,0.53,0.0,0.67,0.52,0.35,2.47,0.0,0.15,0.53,0.0,2.47,0.09,1.5
Lithuania,2020,LTU,2820269.0,,0.59,0.0,1.96,1.7,0.3,2.57,0.0,0.26,0.59,0.0,2.57,0.13,1.55
Lithuania,2021,LTU,2786652.0,,0.69,0.0,1.55,1.22,0.38,2.62,0.0,0.33,0.69,0.0,2.62,0.19,1.36
Lithuania,2022,LTU,2750058.0,,0.66,0.0,1.06,0.61,0.45,3.13,0.0,0.45,0.66,0.0,3.13,0.43,1.59
Luxembourg,1990,LUX,381275.0,14057150464.0,0.01,0.0,0.54,0.03,0.07,0.08,0.0,0.51,0.01,0.0,0.08,0.0,0.0
Luxembourg,1991,LUX,386405.0,15214076928.0,0.01,0.0,0.61,0.03,0.08,0.09,0.0,0.58,0.01,0.0,0.09,0.0,0.0
Luxembourg,1992,LUX,391524.0,15430616064.0,0.01,0.0,0.58,0.03,0.07,0.08,0.0,0.55,0.01,0.0,0.08,0.0,0.0
Luxembourg,1993,LUX,396705.0,16017019904.0,0.01,0.0,0.59,0.02,0.07,0.08,0.0,0.57,0.01,0.0,0.08,0.0,0.0
Luxembourg,1994,LUX,402049.0,16564453376.0,0.02,0.0,0.48,0.05,0.09,0.11,0.0,0.43,0.02,0.0,0.11,0.0,0.0
Luxembourg,1995,LUX,407639.0,16736430080.0,0.02,0.0,0.38,0.15,0.09,0.11,0.0,0.23,0.02,0.0,0.11,0.0,0.0
Luxembourg,1996,LUX,413202.0,16903203840.0,0.02,0.0,0.37,0.19,0.06,0.08,0.0,0.18,0.02,0.0,0.08,0.0,0.0
Luxembourg,1997,LUX,418413.0,17799362560.0,0.02,0.0,0.31,0.18,0.08,0.1,0.0,0.13,0.02,0.0,0.1,0.0,0.0
Luxembourg,1998,LUX,423579.0,18802137088.0,0.02,0.0,0.22,0.19,0.12,0.15,0.0,0.03,0.02,0.0,0.15,0.0,0.01
Luxembourg,1999,LUX,429352.0,20317839360.0,0.02,0.0,0.23,0.2,0.09,0.13,0.0,0.03,0.02,0.0,0.13,0.0,0.02
Luxembourg,2000,LUX,435634.0,21906683904.0,0.02,0.0,0.24,0.21,0.12,0.16,0.0,0.03,0.02,0.0,0.16,0.0,0.02
Luxembourg,2001,LUX,441254.0,22374428672.0,0.03,0.0,0.7,0.67,0.12,0.17,0.0,0.03,0.03,0.0,0.17,0.0,0.02
Luxembourg,2002,LUX,445920.0,23139020800.0,0.03,0.0,2.65,2.62,0.1,0.15,0.0,0.03,0.03,0.0,0.15,0.0,0.02
Luxembourg,2003,LUX,451351.0,23425226752.0,0.03,0.0,2.65,2.62,0.08,0.14,0.0,0.03,0.03,0.0,0.14,0.0,0.03
Luxembourg,2004,LUX,457798.0,24177319936.0,0.04,0.0,3.18,3.15,0.1,0.19,0.0,0.03,0.04,0.0,0.19,0.01,0.04
Luxembourg,2005,LUX,464868.0,24847697920.0,0.05,0.0,3.14,3.11,0.09,0.21,0.0,0.03,0.05,0.0,0.21,0.02,0.05
Luxembourg,2006,LUX,472402.0,26033442816.0,0.06,0.0,3.29,3.25,0.11,0.25,0.0,0.04,0.06,0.0,0.25,0.02,0.06
Luxembourg,2007,LUX,479877.0,28098930688.0,0.06,0.0,2.93,2.89,0.12,0.26,0.0,0.04,0.06,0.0,0.26,0.02,0.06
Luxembourg,2008,LUX,488643.0,27632140288.0,0.07,0.0,2.44,2.4,0.13,0.28,0.0,0.04,0.07,0.0,0.28,0.02,0.06
Luxembourg,2009,LUX,497876.0,26325504000.0,0.08,0.0,2.88,2.84,0.11,0.27,0.0,0.04,0.08,0.0,0.27,0.02,0.06
Luxembourg,2010,LUX,507075.0,27499366400.0,0.08,0.0,2.97,2.92,0.11,0.27,0.0,0.05,0.08,0.0,0.27,0.02,0.06
Luxembourg,2011,LUX,518207.0,28088633344.0,0.09,0.0,2.4,2.34,0.06,0.24,0.0,0.06,0.09,0.0,0.24,0.03,0.06
Luxembourg,2012,LUX,530596.0,27989147648.0,0.09,0.0,2.45,2.39,0.1,0.31,0.0,0.06,0.09,0.0,0.31,0.04,0.08
Luxembourg,2013,LUX,543068.0,29106192384.0,0.09,0.0,1.48,1.42,0.12,0.36,0.0,0.06,0.09,0.0,0.36,0.07,0.08
Luxembourg,2014,LUX,556075.0,30743879680.0,0.12,0.0,1.51,1.45,0.11,0.4,0.0,0.06,0.12,0.0,0.4,0.09,0.08
Luxembourg,2015,LUX,569415.0,31975024640.0,0.13,0.0,0.91,0.84,0.1,0.43,0.0,0.07,0.13,0.0,0.43,0.1,0.1
Luxembourg,2016,LUX,583355.0,33357813760.0,0.14,0.0,0.33,0.26,0.12,0.46,0.0,0.07,0.14,0.0,0.46,0.1,0.1
Luxembourg,2017,LUX,596290.0,33958649856.0,0.17,0.0,0.3,0.22,0.09,0.6,0.0,0.08,0.17,0.0,0.6,0.11,0.23
Luxembourg,2018,LUX,607920.0,35015057408.0,0.22,0.0,0.28,0.2,0.09,0.68,0.0,0.08,0.22,0.0,0.68,0.12,0.25
Luxembourg,2019,LUX,619981.0,,0.28,0.0,0.27,0.19,0.11,0.8,0.0,0.08,0.28,0.0,0.8,0.13,0.28
Luxembourg,2020,LUX,630401.0,,0.37,0.0,0.25,0.18,0.09,0.97,0.0,0.07,0.37,0.0,0.97,0.16,0.35
Luxembourg,2021,LUX,639330.0,,0.39,0.0,0.24,0.17,0.11,0.99,0.0,0.07,0.39,0.0,0.99,0.18,0.31
Luxembourg,2022,LUX,647601.0,,0.41,0.0,0.18,0.11,0.08,1.05,0.0,0.07,0.41,0.0,1.05,0.25,0.31
Malta,1990,MLT,365396.0,4761399808.0,0.0,0.62,1.11,0.0,0.0,0.0,0.0,0.49,0.0,0.0,0.0,0.0,0.0
Malta,1991,MLT,368676.0,5061075456.0,0.0,0.59,1.42,0.0,0.0,0.0,0.0,0.83,0.0,0.0,0.0,0.0,0.0
Malta,1992,MLT,371892.0,5300727296.0,0.0,0.56,1.49,0.0,0.0,0.0,0.0,0.93,0.0,0.0,0.0,0.0,0.0
Malta,1993,MLT,375257.0,5540228096.0,0.0,0.6,1.5,0.0,0.0,0.0,0.0,0.9,0.0,0.0,0.0,0.0,0.0
Malta,1994,MLT,378568.0,5855593984.0,0.0,0.36,1.54,0.0,0.0,0.0,0.0,1.18,0.0,0.0,0.0,0.0,0.0
Malta,1995,MLT,381860.0,6229765120.0,0.0,0.09,1.63,0.0,0.0,0.0,0.0,1.54,0.0,0.0,0.0,0.0,0.0
Malta,1996,MLT,385271.0,6467464192.0,0.0,0.0,1.66,0.0,0.0,0.0,0.0,1.66,0.0,0.0,0.0,0.0,0.0
Malta,1997,MLT,388843.0,6810149888.0,0.0,0.0,1.69,0.0,0.0,0.0,0.0,1.69,0.0,0.0,0.0,0.0,0.0
Malta,1998,MLT,392487.0,7162084864.0,0.0,0.0,1.72,0.0,0.0,0.0,0.0,1.72,0.0,0.0,0.0,0.0,0.0
Malta,1999,MLT,395993.0,7503059968.0,0.0,0.0,1.85,0.0,0.0,0.0,0.0,1.85,0.0,0.0,0.0,0.0,0.0
Malta,2000,MLT,399212.0,8014503936.0,0.0,0.0,1.92,0.0,0.0,0.0,0.0,1.92,0.0,0.0,0.0,0.0,0.0
Malta,2001,MLT,402163.0,8066432512.0,0.0,0.0,1.94,0.0,0.0,0.0,0.0,1.94,0.0,0.0,0.0,0.0,0.0
Malta,2002,MLT,404708.0,8310288384.0,0.0,0.0,2.05,0.0,0.0,0.0,0.0,2.05,0.0,0.0,0.0,0.0,0.0
Malta,2003,MLT,406926.0,8525085184.0,0.0,0.0,2.24,0.0,0.0,0.0,0.0,2.24,0.0,0.0,0.0,0.0,0.0
Malta,2004,MLT,408805.0,8566343168.0,0.0,0.0,2.22,0.0,0.0,0.0,0.0,2.22,0.0,0.0,0.0,0.0,0.0
Malta,2005,MLT,410217.0,8894058496.0,0.0,0.0,2.24,0.0,0.0,0.0,0.0,2.24,0.0,0.0,0.0,0.0,0.0
Malta,2006,MLT,411204.0,9060388864.0,0.0,0.0,2.26,0.0,0.0,0.0,0.0,2.26,0.0,0.0,0.0,0.0,0.0
Malta,2007,MLT,412091.0,9425146880.0,0.0,0.0,2.3,0.0,0.0,0.0,0.0,2.3,0.0,0.0,0.0,0.0,0.0
Malta,2008,MLT,413407.0,9744470016.0,0.0,0.0,2.31,0.0,0.0,0.0,0.0,2.31,0.0,0.0,0.0,0.0,0.0
Malta,2009,MLT,415509.0,9508432896.0,0.0,0.0,2.17,0.0,0.0,0.0,0.0,2.17,0.0,0.0,0.0,0.0,0.0
Malta,2010,MLT,418758.0,9849064448.0,0.0,0.0,2.11,0.0,0.0,0.0,0.0,2.11,0.0,0.0,0.0,0.0,0.0
Malta,2011,MLT,423577.0,9990638592.0,0.0,0.0,2.17,0.0,0.0,0.0,0.0,2.17,0.0,0.0,0.0,0.0,0.0
Malta,2012,MLT,429912.0,10262471680.0,0.01,0.0,2.27,0.0,0.0,0.03,0.0,2.27,0.01,0.0,0.03,0.02,0.0
Malta,2013,MLT,437531.0,10776326144.0,0.01,0.0,2.22,0.0,0.0,0.04,0.0,2.22,0.01,0.0,0.04,0.03,0.0
Malta,2014,MLT,446449.0,11795842048.0,0.01,0.0,2.17,0.0,0.0,0.08,0.0,2.17,0.01,0.0,0.08,0.07,0.0
Malta,2015,MLT,456585.0,12842327040.0,0.01,0.0,1.2,0.0,0.0,0.1,0.0,1.2,0.01,0.0,0.1,0.09,0.0
Malta,2016,MLT,467717.0,13651020800.0,0.01,0.0,0.72,0.0,0.0,0.14,0.0,0.72,0.01,0.0,0.14,0.13,0.0
Malta,2017,MLT,479507.0,14540544000.0,0.01,0.0,1.48,1.29,0.0,0.17,0.0,0.19,0.01,0.0,0.17,0.16,0.0
Malta,2018,MLT,491590.0,15606394880.0,0.01,0.0,1.77,1.75,0.0,0.2,0.0,0.02,0.01,0.0,0.2,0.19,0.0
Malta,2019,MLT,503646.0,,0.01,0.0,1.86,1.83,0.0,0.21,0.0,0.03,0.01,0.0,0.21,0.2,0.0
Malta,2020,MLT,515364.0,,0.01,0.0,1.9,1.84,0.0,0.25,0.0,0.06,0.01,0.0,0.25,0.24,0.0
Malta,2021,MLT,526751.0,,0.01,0.0,1.95,1.91,0.0,0.27,0.0,0.04,0.01,0.0,0.27,0.26,0.0
Malta,2022,MLT,533293.0,,0.01,0.0,1.99,1.94,0.0,0.34,0.0,0.05,0.01,0.0,0.34,0.33,0.0
Netherlands,1990,NLD,14944550.0,411391000000.0,0.67,25.01,67.48,36.53,0.09,4.32,3.5,5.94,0.67,0.0,0.82,0.0,0.06
Netherlands,1991,NLD,15046578.0,423865000000.0,0.74,22.66,69.99,41.01,0.1,4.26,3.33,6.32,0.74,0.0,0.93,0.0,0.09
Netherlands,1992,NLD,15150688.0,433595000000.0,0.73,22.63,72.25,43.46,0.12,4.8,3.8,6.16,0.73,0.0,1.0,0.0,0.15
Netherlands,1993,NLD,15251088.0,441586000000.0,0.84,21.41,71.89,44.12,0.09,5.05,3.95,6.36,0.84,0.0,1.1,0.0,0.17
Netherlands,1994,NLD,15349481.0,457294000000.0,0.92,24.11,74.43,43.54,0.1,5.23,3.97,6.78,0.92,0.0,1.26,0.0,0.24
Netherlands,1995,NLD,15446670.0,474288000000.0,1.0,27.4,75.45,42.01,0.09,5.43,4.02,6.04,1.0,0.0,1.41,0.0,0.32
Netherlands,1996,NLD,15538617.0,494052000000.0,1.3,25.82,79.22,47.08,0.08,5.98,4.16,6.32,1.3,0.0,1.82,0.0,0.44
Netherlands,1997,NLD,15629912.0,518268000000.0,1.45,24.44,81.86,50.66,0.09,4.42,2.41,6.76,1.45,0.0,2.01,0.0,0.47
Netherlands,1998,NLD,15722601.0,544860000000.0,1.57,26.43,84.75,51.06,0.11,6.13,3.81,7.26,1.57,0.0,2.32,0.0,0.64
Netherlands,1999,NLD,15812491.0,575704000000.0,1.77,21.92,80.19,51.15,0.09,6.34,3.83,7.12,1.77,0.0,2.51,0.01,0.64
Netherlands,2000,NLD,15899138.0,603576000000.0,1.99,24.28,82.49,51.52,0.14,6.9,3.93,6.69,1.99,0.0,2.97,0.01,0.83
Netherlands,2001,NLD,15981630.0,619964000000.0,2.35,25.48,86.14,53.77,0.12,7.29,3.98,6.89,2.35,0.0,3.31,0.01,0.83
Netherlands,2002,NLD,16057042.0,624207000000.0,2.9,25.99,87.86,55.28,0.11,7.89,3.91,6.59,2.9,0.0,3.98,0.02,0.95
Netherlands,2003,NLD,16127574.0,629606000000.0,2.54,26.57,88.62,55.02,0.07,7.98,4.02,7.03,2.54,0.0,3.96,0.03,1.32
Netherlands,2004,NLD,16196036.0,646100000000.0,3.31,24.95,91.89,59.99,0.09,9.12,3.82,6.95,3.31,0.0,5.3,0.03,1.87
Netherlands,2005,NLD,16261834.0,663884000000.0,5.26,23.5,88.22,57.6,0.09,11.46,4.0,7.12,5.26,0.0,7.46,0.04,2.07
Netherlands,2006,NLD,16325679.0,691220000000.0,5.17,23.74,87.17,57.14,0.11,11.53,3.47,6.29,5.17,0.0,8.06,0.04,2.74
Netherlands,2007,NLD,16391232.0,720938000000.0,4.0,24.92,93.21,61.01,0.11,11.79,4.2,7.28,4.0,0.0,7.59,0.04,3.44
Netherlands,2008,NLD,16460775.0,737432000000.0,5.13,23.48,93.7,63.36,0.1,13.7,4.17,6.86,5.13,0.0,9.53,0.04,4.26
Netherlands,2009,NLD,16536200.0,713757000000.0,6.11,24.28,98.48,68.87,0.1,15.08,4.25,5.33,6.11,0.0,10.83,0.04,4.58
Netherlands,2010,NLD,16617121.0,727959000000.0,7.04,22.59,103.95,75.33,0.1,15.16,3.97,6.03,7.04,0.0,11.19,0.06,3.99
Netherlands,2011,NLD,16701470.0,744361000000.0,7.06,21.39,97.35,69.47,0.06,16.46,4.14,6.49,7.06,0.0,12.32,0.1,5.1
Netherlands,2012,NLD,16785296.0,736498000000.0,7.2,24.21,86.69,56.56,0.1,16.38,3.91,5.92,7.2,0.0,12.47,0.19,4.98
Netherlands,2013,NLD,16867352.0,735093000000.0,5.95,24.61,86.51,56.07,0.11,14.99,2.89,5.83,5.95,0.0,12.1,0.41,5.63
Netherlands,2014,NLD,16954080.0,745518000000.0,5.01,29.49,87.48,51.52,0.11,15.74,4.09,6.47,5.01,0.0,11.65,0.73,5.8
Netherlands,2015,NLD,17041110.0,760077000000.0,4.94,39.39,91.03,45.76,0.09,17.77,4.08,5.88,4.94,0.0,13.69,1.11,7.55
Netherlands,2016,NLD,17124512.0,776582000000.0,4.91,36.73,95.09,52.51,0.1,18.74,3.96,5.85,4.91,0.0,14.78,1.6,8.17
Netherlands,2017,NLD,17207204.0,799188000000.0,4.6,31.28,94.81,57.77,0.06,20.83,3.4,5.76,4.6,0.0,17.43,2.2,10.57
Netherlands,2018,NLD,17286042.0,818056000000.0,4.58,27.47,91.26,57.53,0.07,22.42,3.51,6.26,4.58,0.0,18.91,3.71,10.55
Netherlands,2019,NLD,17363260.0,,5.81,17.71,94.09,70.65,0.07,26.7,3.91,5.73,5.81,0.0,22.79,5.4,11.51
Netherlands,2020,NLD,17434562.0,,8.85,7.61,85.95,72.55,0.05,36.83,4.09,5.79,8.85,0.0,32.74,8.57,15.27
Netherlands,2021,NLD,17501696.0,,10.88,14.59,77.31,56.63,0.09,44.3,3.83,6.09,10.88,0.0,40.47,11.5,18.0
Netherlands,2022,NLD,17564020.0,,9.75,14.57,68.4,47.79,0.06,52.85,4.14,6.04,9.87,0.12,48.71,17.29,21.49
Poland,1990,POL,38064252.0,310673000000.0,0.05,130.36,132.95,0.13,1.44,1.49,0.0,2.46,0.05,0.0,1.49,0.0,0.0
Poland,1991,POL,38167388.0,291725000000.0,0.08,128.75,131.22,0.11,1.42,1.5,0.0,2.36,0.08,0.0,1.5,0.0,0.0
Poland,1992,POL,38252284.0,302141000000.0,0.11,126.58,129.07,0.1,1.51,1.62,0.0,2.39,0.11,0.0,1.62,0.0,0.0
Poland,1993,POL,38319300.0,316591000000.0,0.06,127.67,130.23,0.1,1.49,1.55,0.0,2.46,0.06,0.0,1.55,0.0,0.0
Poland,1994,POL,38375464.0,336238000000.0,0.05,128.39,131.51,0.15,1.73,1.78,0.0,2.97,0.05,0.0,1.78,0.0,0.0
Poland,1995,POL,38401980.0,363195000000.0,0.07,131.77,135.09,0.26,1.89,1.96,0.0,3.06,0.07,0.0,1.96,0.0,0.0
Poland,1996,POL,38401408.0,388888000000.0,0.13,135.48,139.13,0.32,1.93,2.06,0.0,3.33,0.13,0.0,2.06,0.0,0.0
Poland,1997,POL,38396120.0,417947000000.0,0.17,134.74,138.81,0.22,1.96,2.13,0.0,3.85,0.17,0.0,2.13,0.0,0.0
Poland,1998,POL,38379992.0,441376000000.0,0.22,134.23,138.24,0.31,2.31,2.53,0.0,3.7,0.22,0.0,2.53,0.0,0.0
Poland,1999,POL,38354952.0,466287000000.0,0.19,133.33,137.65,0.62,2.15,2.34,0.0,3.7,0.19,0.0,2.34,0.0,0.0
Poland,2000,POL,38504432.0,492196000000.0,0.22,135.89,140.85,0.93,2.11,2.33,0.0,4.03,0.22,0.0,2.33,0.0,0.0
Poland,2001,POL,38662860.0,503090000000.0,0.44,134.97,140.94,1.36,2.33,2.78,0.0,4.61,0.44,0.0,2.78,0.0,0.01
Poland,2002,POL,38647476.0,518231000000.0,0.43,132.94,139.72,2.2,2.28,2.77,0.0,4.58,0.43,0.0,2.77,0.0,0.06
Poland,2003,POL,38621536.0,541818000000.0,0.46,140.66,147.76,2.42,1.67,2.25,0.0,4.68,0.46,0.0,2.25,0.0,0.12
Poland,2004,POL,38596040.0,575084000000.0,0.98,141.12,149.06,3.22,2.08,3.2,0.0,4.72,0.98,0.0,3.2,0.0,0.14
Poland,2005,POL,38575912.0,600855000000.0,1.51,141.88,151.2,5.16,2.2,3.85,0.0,4.16,1.51,0.0,3.85,0.0,0.14
Poland,2006,POL,38547180.0,644043000000.0,1.99,147.01,156.16,4.58,2.04,4.29,0.0,4.57,1.99,0.0,4.29,0.0,0.26
Poland,2007,POL,38521868.0,695924000000.0,2.56,144.01,153.08,4.48,2.35,5.43,0.0,4.59,2.56,0.0,5.43,0.0,0.52
Poland,2008,POL,38522884.0,732389000000.0,3.62,138.89,148.03,4.68,2.15,6.61,0.0,4.46,3.62,0.0,6.61,0.0,0.84
Poland,2009,POL,38555288.0,758698000000.0,5.23,133.38,142.4,4.79,2.38,8.69,0.0,4.23,5.23,0.0,8.69,0.0,1.08
Poland,2010,POL,38597356.0,792189000000.0,6.3,136.51,146.12,4.8,2.92,10.88,0.0,4.81,6.3,0.0,10.88,0.0,1.66
Poland,2011,POL,38620848.0,839856000000.0,7.6,139.76,149.88,5.82,2.33,13.13,0.0,4.3,7.6,0.0,13.13,0.0,3.2
Poland,2012,POL,38625872.0,853353000000.0,10.09,134.57,144.75,6.26,2.04,16.88,0.0,3.92,10.09,0.0,16.88,0.0,4.75
Poland,2013,POL,38607352.0,865215000000.0,8.62,137.72,146.85,5.27,2.44,17.06,0.0,3.86,8.62,0.0,17.06,0.0,6.0
Poland,2014,POL,38581880.0,893604000000.0,9.98,129.52,138.53,5.33,2.18,19.85,0.0,3.68,9.98,0.0,19.85,0.01,7.68
Poland,2015,POL,38553148.0,927976000000.0,9.94,130.52,141.55,6.39,1.83,22.69,0.0,4.64,9.94,0.0,22.69,0.06,10.86
Poland,2016,POL,38532108.0,952937000000.0,7.96,130.32,143.28,7.83,2.14,22.81,0.0,5.13,7.96,0.0,22.81,0.12,12.59
Poland,2017,POL,38532816.0,999990000000.0,6.49,131.16,145.8,10.03,2.56,24.13,0.0,4.61,6.49,0.0,24.13,0.17,14.91
Poland,2018,POL,38521464.0,1053480000000.0,6.55,130.56,147.87,12.63,1.97,21.62,0.0,4.68,6.55,0.0,21.62,0.3,12.8
Poland,2019,POL,38493600.0,,7.68,118.14,137.58,14.8,1.96,25.46,0.0,4.64,7.68,0.0,25.46,0.71,15.11
Poland,2020,POL,38428368.0,,8.35,107.4,128.91,17.29,2.12,28.23,0.0,4.22,8.35,0.0,28.23,1.96,15.8
Poland,2021,POL,38307724.0,,8.06,127.57,148.21,15.82,2.34,30.56,0.0,4.82,8.06,0.0,30.56,3.93,16.23
Poland,2022,POL,39857144.0,,7.77,124.11,141.57,12.6,2.06,38.16,0.0,4.86,7.77,0.0,38.16,8.6,19.73
Portugal,1990,PRT,10007347.0,171226000000.0,0.69,9.06,18.5,0.0,9.14,9.83,0.0,9.44,0.69,0.0,9.83,0.0,0.0
Portugal,1991,PRT,9986418.0,177700000000.0,0.81,9.75,19.88,0.0,9.03,9.84,0.0,10.13,0.81,0.0,9.84,0.0,0.0
Portugal,1992,PRT,9978745.0,183979000000.0,0.88,10.17,24.12,0.0,4.61,5.49,0.0,13.95,0.88,0.0,5.49,0.0,0.0
Portugal,1993,PRT,9992104.0,183426000000.0,0.9,11.38,21.56,0.0,8.52,9.43,0.0,10.18,0.9,0.0,9.43,0.0,0.01
Portugal,1994,PRT,10018101.0,186891000000.0,0.93,11.57,19.7,0.0,10.65,11.63,0.0,8.13,0.96,0.03,11.63,0.0,0.02
Portugal,1995,PRT,10051250.0,191954000000.0,0.99,13.41,23.77,0.0,8.33,9.38,0.0,10.36,1.03,0.04,9.38,0.0,0.02
Portugal,1996,PRT,10087653.0,199451000000.0,0.96,12.55,18.63,0.0,14.75,15.78,0.0,6.08,1.01,0.05,15.78,0.0,0.02
Portugal,1997,PRT,10130547.0,209094000000.0,1.04,12.96,19.91,0.09,13.1,14.23,0.0,6.86,1.09,0.05,14.23,0.0,0.04
Portugal,1998,PRT,10179419.0,219969000000.0,1.02,11.98,24.76,2.02,12.98,14.15,0.0,10.76,1.08,0.06,14.15,0.0,0.09
Portugal,1999,PRT,10233373.0,229420000000.0,1.16,15.05,34.29,8.07,7.26,8.62,0.0,11.17,1.24,0.08,8.62,0.0,0.12
Portugal,2000,PRT,10300632.0,239038000000.0,1.3,14.6,30.51,7.14,11.32,12.87,0.0,8.77,1.38,0.08,12.87,0.0,0.17
Portugal,2001,PRT,10371815.0,244637000000.0,1.35,13.61,30.43,7.21,14.03,15.74,0.0,9.61,1.45,0.1,15.74,0.0,0.26
Portugal,2002,PRT,10430913.0,247483000000.0,1.47,15.21,35.92,9.04,7.8,9.73,0.0,11.67,1.57,0.1,9.73,0.0,0.36
Portugal,2003,PRT,10473345.0,246137000000.0,1.39,14.53,28.82,7.74,15.72,17.7,0.0,6.55,1.48,0.09,17.7,0.0,0.5
Portugal,2004,PRT,10501523.0,251575000000.0,1.54,14.86,32.51,11.69,9.87,12.31,0.0,5.96,1.62,0.08,12.31,0.0,0.82
Portugal,2005,PRT,10523314.0,254497000000.0,1.68,15.23,37.93,13.61,4.73,8.25,0.0,9.09,1.75,0.07,8.25,0.0,1.77
Portugal,2006,PRT,10543946.0,259465000000.0,1.7,14.96,32.85,12.34,11.0,15.72,0.0,5.55,1.79,0.09,15.72,0.0,2.93
Portugal,2007,PRT,10565547.0,266977000000.0,1.86,12.4,30.68,13.12,10.09,16.21,0.0,5.16,2.06,0.2,16.21,0.02,4.04
Portugal,2008,PRT,10580963.0,268555000000.0,1.85,11.2,30.84,15.2,6.8,14.64,0.0,4.44,2.04,0.19,14.64,0.04,5.76
Portugal,2009,PRT,10591341.0,261580000000.0,2.09,12.9,31.19,14.71,8.28,18.29,0.0,3.58,2.27,0.18,18.29,0.16,7.58
Portugal,2010,PRT,10588401.0,267592000000.0,2.61,7.1,25.34,14.9,16.15,28.35,0.0,3.34,2.81,0.2,28.35,0.21,9.18
Portugal,2011,PRT,10564820.0,263734000000.0,2.92,9.85,27.77,14.92,11.54,24.11,0.0,3.0,3.13,0.21,24.11,0.28,9.16
Portugal,2012,PRT,10522085.0,253105000000.0,2.95,13.09,26.2,10.67,5.62,19.37,0.0,2.44,3.1,0.15,19.37,0.39,10.26
Portugal,2013,PRT,10464537.0,250243000000.0,3.05,11.84,21.06,7.23,13.73,29.47,0.0,1.99,3.25,0.2,29.47,0.48,12.01
Portugal,2014,PRT,10408379.0,252485000000.0,3.05,11.95,20.39,6.83,15.57,31.57,0.0,1.61,3.26,0.21,31.57,0.63,12.11
Portugal,2015,PRT,10365436.0,256507000000.0,3.1,14.73,26.9,10.56,8.66,24.36,0.0,1.61,3.3,0.2,24.36,0.8,11.6
Portugal,2016,PRT,10332751.0,260122000000.0,3.07,12.63,26.83,12.58,15.72,32.3,0.0,1.62,3.24,0.17,32.3,0.87,12.47
Portugal,2017,PRT,10307528.0,269243000000.0,3.22,14.67,35.12,18.89,5.9,22.58,0.0,1.56,3.44,0.22,22.58,0.99,12.25
Portugal,2018,PRT,10289833.0,276344000000.0,3.16,12.01,29.0,15.61,12.39,29.41,0.0,1.38,3.39,0.23,29.41,1.01,12.62
Portugal,2019,PRT,10289921.0,,3.36,5.53,24.32,17.26,8.82,27.41,0.0,1.53,3.58,0.22,27.41,1.34,13.67
Portugal,2020,PRT,10298186.0,,3.79,2.36,21.43,17.6,12.08,30.11,0.0,1.47,4.01,0.22,30.11,1.72,12.3
Portugal,2021,PRT,10290109.0,,4.0,0.8,17.89,15.57,11.91,31.54,0.0,1.52,4.18,0.18,31.54,2.24,13.21
Portugal,2022,PRT,10270857.0,,3.86,0.06,18.97,17.43,7.59,27.96,0.0,1.48,4.04,0.18,27.96,3.05,13.28
Romania,1990,ROU,22836234.0,127958000000.0,0.0,18.5,52.89,22.57,11.41,11.41,0.0,11.82,0.0,0.0,11.41,0.0,0.0
Romania,1991,ROU,22842488.0,114092000000.0,0.0,15.61,42.21,20.47,14.59,14.59,0.0,6.13,0.0,0.0,14.59,0.0,0.0
Romania,1992,ROU,22800964.0,108240000000.0,0.0,18.34,42.31,19.47,11.7,11.7,0.0,4.5,0.0,0.0,11.7,0.0,0.0
Romania,1993,ROU,22721662.0,113423000000.0,0.0,19.09,42.59,18.0,12.77,12.77,0.0,5.5,0.0,0.0,12.77,0.0,0.0
Romania,1994,ROU,22632776.0,121573000000.0,0.0,19.63,41.99,16.57,13.05,13.05,0.0,5.79,0.0,0.0,13.05,0.0,0.0
Romania,1995,ROU,22533138.0,134464000000.0,0.0,20.59,42.36,15.97,16.69,16.69,0.0,5.8,0.0,0.0,16.69,0.0,0.0
Romania,1996,ROU,22417872.0,144371000000.0,0.0,20.47,43.88,16.71,15.76,17.15,1.39,6.7,0.0,0.0,15.76,0.0,0.0
Romania,1997,ROU,22289540.0,143288000000.0,0.01,16.86,33.8,10.08,17.51,22.92,5.4,6.86,0.01,0.0,17.52,0.0,0.0
Romania,1998,ROU,22161240.0,142127000000.0,0.01,14.49,28.79,10.16,18.88,24.2,5.31,4.14,0.01,0.0,18.89,0.0,0.0
Romania,1999,ROU,22039006.0,146477000000.0,0.0,14.68,26.98,8.44,18.29,23.49,5.2,3.86,0.0,0.0,18.29,0.0,0.0
Romania,2000,ROU,21919882.0,156816000000.0,0.0,18.92,31.32,9.0,14.78,20.24,5.46,3.4,0.0,0.0,14.78,0.0,0.0
Romania,2001,ROU,21797588.0,171449000000.0,0.0,19.7,33.18,8.07,14.92,20.37,5.45,5.41,0.0,0.0,14.92,0.0,0.0
Romania,2002,ROU,21653530.0,185753000000.0,0.0,20.31,32.86,8.97,16.05,21.56,5.51,3.58,0.0,0.0,16.05,0.0,0.0
Romania,2003,ROU,21481322.0,199209000000.0,0.0,23.34,36.67,9.7,13.26,18.17,4.91,3.63,0.0,0.0,13.26,0.0,0.0
Romania,2004,ROU,21289292.0,222642000000.0,0.0,21.48,34.43,10.46,16.51,22.06,5.55,2.49,0.0,0.0,16.51,0.0,0.0
Romania,2005,ROU,21092264.0,237715000000.0,0.01,21.91,33.64,9.61,20.21,25.77,5.55,2.12,0.01,0.0,20.22,0.0,0.0
Romania,2006,ROU,20909406.0,267838000000.0,0.0,25.15,38.71,11.83,18.36,23.99,5.63,1.73,0.0,0.0,18.36,0.0,0.0
Romania,2007,ROU,20744226.0,296749000000.0,0.04,25.1,37.96,11.56,15.97,23.72,7.71,1.3,0.04,0.0,16.01,0.0,0.0
Romania,2008,ROU,20597516.0,330879000000.0,0.02,25.82,36.5,9.92,17.2,28.45,11.23,0.76,0.02,0.0,17.22,0.0,0.0
Romania,2009,ROU,20466318.0,318475000000.0,0.01,21.74,30.43,7.63,15.53,27.3,11.75,1.06,0.01,0.0,15.55,0.0,0.01
Romania,2010,ROU,20335212.0,326789000000.0,0.11,20.68,28.69,7.26,19.88,31.92,11.62,0.75,0.11,0.0,20.3,0.0,0.31
Romania,2011,ROU,20220286.0,341004000000.0,0.2,24.78,33.93,8.36,14.73,28.07,11.75,0.79,0.2,0.0,16.32,0.0,1.39
Romania,2012,ROU,20137112.0,339490000000.0,0.21,22.9,32.38,8.72,12.07,26.4,11.47,0.76,0.21,0.0,14.93,0.01,2.64
Romania,2013,ROU,20066550.0,354085000000.0,0.25,16.94,26.78,9.26,14.96,31.77,11.62,0.58,0.25,0.0,20.15,0.42,4.52
Romania,2014,ROU,19995836.0,363278000000.0,0.5,17.76,26.39,8.1,18.8,38.8,11.68,0.53,0.5,0.0,27.12,1.62,6.2
Romania,2015,ROU,19906078.0,377295000000.0,0.52,18.13,28.09,9.39,16.63,37.83,11.64,0.57,0.52,0.0,26.19,1.98,7.06
Romania,2016,ROU,19797820.0,345274000000.0,0.53,15.88,26.33,9.65,18.03,38.26,11.29,0.8,0.53,0.0,26.97,1.82,6.59
Romania,2017,ROU,19698852.0,369828000000.0,0.53,16.78,28.15,10.66,14.49,35.8,11.51,0.71,0.53,0.0,24.29,1.86,7.41
Romania,2018,ROU,19606778.0,386236000000.0,0.44,15.65,26.87,10.52,17.66,37.57,11.38,0.7,0.44,0.0,26.19,1.77,6.32
Romania,2019,ROU,19524212.0,,0.5,13.61,23.27,8.95,15.58,35.91,11.28,0.71,0.5,0.0,24.63,1.78,6.77
Romania,2020,ROU,19442040.0,,0.55,9.36,19.54,9.46,15.38,36.08,11.47,0.72,0.55,0.0,24.61,1.73,6.95
Romania,2021,ROU,19328558.0,,0.65,10.69,21.51,9.91,17.41,37.62,11.28,0.91,0.65,0.0,26.34,1.7,6.58
Romania,2022,ROU,19659270.0,,0.62,10.29,21.02,9.82,14.0,34.46,11.11,0.91,0.62,0.0,23.35,1.76,6.97
Slovakia,1990,SVK,5261310.0,65119608832.0,0.0,7.5,11.57,1.82,1.88,13.92,12.04,2.25,0.0,0.0,1.88,0.0,0.0
Slovakia,1991,SVK,5280230.0,55497322496.0,0.0,5.95,11.16,2.12,1.41,13.1,11.69,3.09,0.0,0.0,1.41,0.0,0.0
Slovakia,1992,SVK,5301897.0,51833806848.0,0.0,7.23,10.25,0.87,1.94,12.99,11.05,2.15,0.0,0.0,1.94,0.0,0.0
Slovakia,1993,SVK,5321863.0,55429943296.0,0.0,5.75,9.09,1.18,3.47,14.96,11.49,2.16,0.0,0.0,3.47,0.0,0.0
Slovakia,1994,SVK,5338814.0,58743312384.0,0.0,4.86,8.51,2.19,4.36,16.96,12.6,1.46,0.0,0.0,4.36,0.0,0.0
Slovakia,1995,SVK,5349999.0,63231098880.0,0.0,6.45,10.11,2.38,4.88,16.32,11.44,1.28,0.0,0.0,4.88,0.0,0.0
Slovakia,1996,SVK,5358288.0,67359354880.0,0.0,5.89,9.98,2.34,4.23,15.48,11.25,1.75,0.0,0.0,4.23,0.0,0.0
Slovakia,1997,SVK,5365829.0,71293222912.0,0.0,6.29,9.91,2.33,4.06,15.13,11.07,1.29,0.0,0.0,4.06,0.0,0.0
Slovakia,1998,SVK,5371086.0,73994518528.0,0.0,5.86,10.07,2.35,4.27,15.66,11.39,1.86,0.0,0.0,4.27,0.0,0.0
Slovakia,1999,SVK,5374617.0,73685016576.0,0.0,6.38,10.52,3.05,4.47,17.59,13.12,1.09,0.0,0.0,4.47,0.0,0.0
Slovakia,2000,SVK,5376700.0,74412965888.0,0.0,5.58,9.68,3.34,4.61,21.1,16.49,0.76,0.0,0.0,4.61,0.0,0.0
Slovakia,2001,SVK,5376457.0,76717629440.0,0.15,5.82,9.65,2.7,4.93,22.18,17.1,1.13,0.15,0.0,5.08,0.0,0.0
Slovakia,2002,SVK,5375206.0,80015532032.0,0.15,5.15,8.81,2.51,5.27,23.37,17.95,1.15,0.15,0.0,5.42,0.0,0.0
Slovakia,2003,SVK,5374381.0,84169826304.0,0.1,5.96,9.52,2.4,3.48,21.44,17.86,1.16,0.1,0.0,3.58,0.0,0.0
Slovakia,2004,SVK,5374932.0,88408940544.0,0.02,5.68,9.29,2.42,4.1,21.16,17.03,1.19,0.02,0.0,4.13,0.0,0.01
Slovakia,2005,SVK,5376251.0,94173028352.0,0.03,5.54,8.93,2.18,4.64,22.41,17.73,1.21,0.03,0.0,4.68,0.0,0.01
Slovakia,2006,SVK,5377239.0,101914000000.0,0.4,5.31,8.39,1.91,4.4,22.82,18.01,1.17,0.4,0.0,4.81,0.0,0.01
Slovakia,2007,SVK,5378381.0,112675000000.0,0.47,4.8,7.57,1.62,4.45,20.26,15.33,1.15,0.47,0.0,4.93,0.0,0.01
Slovakia,2008,SVK,5381641.0,118766000000.0,0.52,4.67,7.46,1.61,4.04,21.27,16.7,1.18,0.52,0.0,4.57,0.0,0.01
Slovakia,2009,SVK,5388934.0,112083000000.0,0.54,3.86,6.89,1.97,4.37,19.0,14.08,1.06,0.54,0.0,4.92,0.0,0.01
Slovakia,2010,SVK,5396428.0,117478000000.0,0.66,3.56,6.9,2.21,5.26,20.52,14.57,1.13,0.66,0.0,5.95,0.02,0.01
Slovakia,2011,SVK,5402686.0,120534000000.0,0.82,3.55,7.8,3.15,3.78,20.41,15.41,1.1,0.82,0.0,5.0,0.4,0.0
Slovakia,2012,SVK,5409283.0,122528000000.0,0.94,3.41,7.28,2.85,4.1,20.96,15.49,1.02,0.94,0.0,5.47,0.42,0.01
Slovakia,2013,SVK,5414744.0,124358000000.0,0.91,3.07,6.36,2.39,4.85,22.08,15.72,0.9,0.91,0.0,6.36,0.59,0.01
Slovakia,2014,SVK,5419572.0,127552000000.0,1.42,2.87,5.3,1.62,4.21,21.74,15.5,0.81,1.42,0.0,6.24,0.6,0.01
Slovakia,2015,SVK,5424449.0,132440000000.0,1.66,2.83,5.34,1.6,3.87,21.2,15.15,0.91,1.66,0.0,6.05,0.51,0.01
Slovakia,2016,SVK,5431205.0,136796000000.0,1.73,2.8,5.28,1.52,4.36,21.4,14.77,0.96,1.73,0.0,6.63,0.53,0.01
Slovakia,2017,SVK,5439418.0,140963000000.0,1.7,2.99,5.67,1.67,4.32,21.62,15.08,1.01,1.7,0.0,6.54,0.51,0.01
Slovakia,2018,SVK,5446746.0,146456000000.0,1.63,3.01,5.92,1.86,3.59,20.65,14.84,1.05,1.63,0.0,5.81,0.58,0.01
Slovakia,2019,SVK,5453932.0,,1.69,2.34,6.26,3.07,4.36,21.93,15.28,0.85,1.69,0.0,6.65,0.59,0.01
Slovakia,2020,SVK,5456681.0,,1.67,1.86,6.22,3.57,4.52,22.29,15.44,0.79,1.67,0.0,6.85,0.66,0.0
Slovakia,2021,SVK,5447621.0,,1.84,1.7,7.16,4.37,4.26,22.5,15.73,1.09,1.84,0.0,6.77,0.67,0.0
Slovakia,2022,SVK,5643455.0,,1.71,1.54,4.75,2.18,3.7,22.01,15.91,1.03,1.71,0.0,6.1,0.69,0.0
Slovenia,1990,SVN,1986030.0,36026961920.0,0.0,3.89,4.87,0.0,2.95,7.57,4.62,0.98,0.0,0.0,2.95,0.0,0.0
Slovenia,1991,SVN,1989799.0,32680462336.0,0.0,3.62,4.18,0.0,3.61,8.56,4.95,0.56,0.0,0.0,3.61,0.0,0.0
Slovenia,1992,SVN,1991344.0,30763878400.0,0.0,4.64,4.95,0.0,3.42,7.39,3.97,0.31,0.0,0.0,3.42,0.0,0.0
Slovenia,1993,SVN,1991685.0,31503259648.0,0.0,4.69,4.95,0.0,3.04,7.0,3.96,0.26,0.0,0.0,3.04,0.0,0.0
Slovenia,1994,SVN,1991454.0,33038143488.0,0.0,4.61,4.88,0.0,3.4,8.01,4.61,0.27,0.0,0.0,3.4,0.0,0.0
Slovenia,1995,SVN,1991115.0,35329814528.0,0.0,4.6,4.87,0.01,3.25,8.03,4.78,0.26,0.0,0.0,3.25,0.0,0.0
Slovenia,1996,SVN,1990671.0,36416385024.0,0.0,4.46,4.73,0.01,3.67,8.32,4.65,0.26,0.0,0.0,3.67,0.0,0.0
Slovenia,1997,SVN,1989831.0,38114369536.0,0.0,4.71,5.07,0.01,3.09,8.11,5.02,0.35,0.0,0.0,3.09,0.0,0.0
Slovenia,1998,SVN,1988287.0,39200575488.0,0.0,4.98,5.23,0.11,3.45,8.49,5.04,0.14,0.0,0.0,3.45,0.0,0.0
Slovenia,1999,SVN,1986263.0,41091821568.0,0.03,4.48,4.79,0.17,3.74,8.47,4.7,0.14,0.03,0.0,3.77,0.0,0.0
Slovenia,2000,SVN,1984339.0,42615771136.0,0.07,4.61,4.95,0.29,3.83,8.66,4.76,0.05,0.07,0.0,3.9,0.0,0.0
Slovenia,2001,SVN,1982489.0,43686670336.0,0.07,4.92,5.35,0.3,3.8,9.13,5.26,0.13,0.07,0.0,3.87,0.0,0.0
Slovenia,2002,SVN,1983769.0,45168627712.0,0.1,5.3,5.66,0.29,3.31,8.94,5.53,0.07,0.1,0.0,3.41,0.0,0.0
Slovenia,2003,SVN,1989413.0,46254137344.0,0.12,5.11,5.54,0.37,2.96,8.29,5.21,0.06,0.12,0.0,3.08,0.0,0.0
Slovenia,2004,SVN,1996731.0,48061218816.0,0.12,5.19,5.6,0.36,4.09,9.67,5.46,0.05,0.12,0.0,4.21,0.0,0.0
Slovenia,2005,SVN,2004780.0,49771966464.0,0.11,5.27,5.66,0.34,3.46,9.45,5.88,0.05,0.11,0.0,3.57,0.0,0.0
Slovenia,2006,SVN,2013577.0,52362579968.0,0.11,5.43,5.86,0.37,3.59,9.25,5.55,0.06,0.11,0.0,3.7,0.0,0.0
Slovenia,2007,SVN,2023230.0,55758200832.0,0.11,5.48,5.96,0.45,3.27,9.08,5.7,0.03,0.11,0.0,3.38,0.0,0.0
Slovenia,2008,SVN,2034037.0,57353908224.0,0.29,5.33,5.83,0.48,4.02,10.58,6.27,0.02,0.29,0.0,4.31,0.0,0.0
Slovenia,2009,SVN,2045578.0,52654862336.0,0.19,5.13,5.75,0.59,4.71,10.64,5.74,0.03,0.19,0.0,4.9,0.0,0.0
Slovenia,2010,SVN,2057294.0,53079736320.0,0.22,5.29,5.85,0.55,4.52,10.41,5.66,0.01,0.22,0.0,4.75,0.01,0.0
Slovenia,2011,SVN,2065457.0,53196414976.0,0.25,5.31,5.82,0.49,3.56,10.1,6.22,0.02,0.25,0.0,3.88,0.07,0.0
Slovenia,2012,SVN,2069365.0,51766657024.0,0.27,5.14,5.69,0.53,3.9,9.86,5.53,0.02,0.27,0.0,4.33,0.16,0.0
Slovenia,2013,SVN,2072374.0,51204718592.0,0.26,4.87,5.39,0.51,4.63,10.41,5.3,0.01,0.26,0.0,5.11,0.22,0.0
Slovenia,2014,SVN,2074923.0,52794142720.0,0.25,3.76,4.18,0.37,6.09,12.97,6.37,0.05,0.25,0.0,6.6,0.26,0.0
Slovenia,2015,SVN,2080865.0,54016270336.0,0.26,4.38,4.8,0.4,3.81,10.0,5.65,0.02,0.26,0.0,4.35,0.27,0.01
Slovenia,2016,SVN,2090020.0,55372836864.0,0.28,5.01,5.45,0.42,4.5,10.78,5.72,0.02,0.28,0.0,5.06,0.27,0.01
Slovenia,2017,SVN,2098396.0,58049191936.0,0.28,4.82,5.32,0.48,3.87,10.73,6.29,0.02,0.28,0.0,4.44,0.28,0.01
Slovenia,2018,SVN,2105931.0,60439879680.0,0.26,4.62,5.12,0.48,4.7,11.0,5.78,0.02,0.26,0.0,5.22,0.25,0.01
Slovenia,2019,SVN,2112905.0,,0.25,4.48,5.03,0.54,4.48,10.86,5.82,0.01,0.25,0.0,5.04,0.3,0.01
Slovenia,2020,SVN,2117648.0,,0.27,4.36,4.96,0.58,4.93,11.93,6.35,0.02,0.27,0.0,5.58,0.37,0.01
Slovenia,2021,SVN,2119408.0,,0.27,3.85,4.44,0.52,4.71,11.15,5.71,0.07,0.27,0.0,5.44,0.45,0.01
Slovenia,2022,SVN,2119843.0,,0.29,3.21,3.75,0.47,3.19,9.52,5.59,0.07,0.29,0.0,3.93,0.44,0.01
Spain,1990,ESP,38889888.0,756125000000.0,0.54,59.74,70.91,1.51,25.47,80.3,54.27,9.66,0.54,0.0,26.03,0.01,0.01
Spain,1991,ESP,38997064.0,787367000000.0,0.54,58.8,71.36,1.36,27.25,83.39,55.58,11.2,0.54,0.0,27.81,0.01,0.01
Spain,1992,ESP,39202248.0,805945000000.0,0.57,64.22,81.31,1.71,18.92,75.38,55.78,15.38,0.57,0.0,19.6,0.01,0.1
Spain,1993,ESP,39420540.0,799270000000.0,0.58,62.42,74.27,1.2,24.42,81.19,56.06,10.65,0.58,0.0,25.13,0.01,0.12
Spain,1994,ESP,39623732.0,827807000000.0,0.64,61.57,76.53,3.24,28.24,84.37,55.31,11.72,0.64,0.0,29.06,0.01,0.17
Spain,1995,ESP,39814568.0,865579000000.0,1.01,65.91,85.76,3.75,23.08,79.84,55.46,16.1,1.01,0.0,24.38,0.02,0.27
Spain,1996,ESP,39996476.0,895967000000.0,1.08,53.94,75.79,6.79,39.79,97.58,56.33,15.06,1.08,0.0,41.25,0.02,0.36
Spain,1997,ESP,40180048.0,937387000000.0,1.46,62.67,96.87,18.17,34.75,92.27,55.3,16.03,1.46,0.0,36.97,0.02,0.74
Spain,1998,ESP,40362356.0,988972000000.0,1.53,61.58,97.51,16.21,33.99,95.88,58.99,19.72,1.53,0.0,36.89,0.02,1.35
Spain,1999,ESP,40542232.0,1044700000000.0,1.62,73.61,119.57,19.06,22.82,86.06,58.85,26.9,1.62,0.0,27.21,0.03,2.74
Spain,2000,ESP,40741652.0,1108750000000.0,1.49,79.09,124.22,20.18,28.26,96.7,62.21,24.95,1.49,0.0,34.49,0.01,4.73
Spain,2001,ESP,40966448.0,1164390000000.0,1.63,70.27,120.06,23.36,40.89,113.01,63.71,26.43,1.63,0.0,49.3,0.02,6.76
Spain,2002,ESP,41477652.0,1206110000000.0,2.59,81.18,143.72,32.39,21.22,96.19,63.02,30.15,2.59,0.0,33.17,0.02,9.34
Spain,2003,ESP,42230268.0,1254540000000.0,3.18,74.73,139.67,39.37,40.48,117.63,61.88,25.57,3.18,0.0,55.75,0.02,12.07
Spain,2004,ESP,42959672.0,1307500000000.0,3.33,79.1,159.91,55.46,31.08,113.74,63.61,25.35,3.33,0.0,50.13,0.02,15.7
Spain,2005,ESP,43685372.0,1365020000000.0,2.65,79.06,184.65,79.01,18.39,99.81,57.54,26.58,2.65,0.0,42.27,0.05,21.18
Spain,2006,ESP,44422824.0,1434220000000.0,2.77,66.74,182.98,90.57,25.96,112.28,60.13,25.67,2.77,0.0,52.15,0.12,23.3
Spain,2007,ESP,45245784.0,1498930000000.0,2.9,72.8,188.13,94.8,27.31,113.4,55.1,20.53,2.9,0.0,58.3,0.52,27.57
Spain,2008,ESP,45966544.0,1528110000000.0,3.26,48.71,189.55,120.8,23.36,121.12,58.97,20.04,3.26,0.0,62.15,2.58,32.95
Spain,2009,ESP,46367772.0,1486560000000.0,3.49,35.91,164.69,107.75,26.41,126.84,52.76,21.03,3.49,0.0,74.08,6.06,38.12
Spain,2010,ESP,46572776.0,1498930000000.0,4.01,25.33,138.39,94.85,42.3,159.76,61.99,18.21,4.01,0.0,97.77,7.19,44.27
Spain,2011,ESP,46729232.0,1495440000000.0,4.61,43.98,146.12,85.51,30.6,145.25,57.72,16.63,4.61,0.0,87.53,9.4,42.92
Spain,2012,ESP,46756084.0,1453750000000.0,4.98,55.07,145.33,73.31,20.55,148.44,61.47,16.95,4.98,0.0,86.97,11.97,49.47
Spain,2013,ESP,46603460.0,1429210000000.0,5.8,39.94,113.32,57.54,36.87,168.14,56.73,15.84,5.8,0.0,111.41,13.1,55.64
Spain,2014,ESP,46464548.0,1450310000000.0,5.41,43.81,107.37,47.27,39.17,167.57,57.31,16.29,5.41,0.0,110.26,13.67,52.01
Spain,2015,ESP,46431344.0,1497530000000.0,5.76,51.37,123.19,52.5,28.14,154.28,57.2,19.32,5.76,0.0,97.08,13.86,49.32
Spain,2016,ESP,46473320.0,1417040000000.0,5.69,36.43,107.93,52.83,36.4,163.26,58.63,18.67,5.69,0.0,104.63,13.64,48.9
Spain,2017,ESP,46584168.0,1458020000000.0,6.08,45.13,126.93,64.04,18.32,145.97,58.04,17.76,6.08,0.0,87.93,14.4,49.13
Spain,2018,ESP,46792044.0,1492300000000.0,5.91,37.34,112.23,58.0,34.33,159.64,55.77,16.89,5.91,0.0,103.87,12.74,50.89
Spain,2019,ESP,47131372.0,,5.57,12.86,111.55,83.71,24.65,159.34,58.35,14.98,5.59,0.02,100.99,15.1,55.65
Spain,2020,ESP,47363808.0,,6.14,5.52,87.64,69.74,30.51,172.09,58.3,12.38,6.17,0.03,113.79,20.67,56.44
Spain,2021,ESP,47486932.0,,6.94,4.86,88.5,71.5,29.63,182.31,56.56,12.14,6.96,0.02,125.75,27.1,62.06
Spain,2022,ESP,47558632.0,,6.82,7.62,106.29,87.14,18.79,178.87,58.53,11.53,6.82,0.0,120.34,32.83,61.9
Sweden,1990,SWE,8548407.0,240234000000.0,1.94,1.08,3.35,0.42,72.5,142.63,68.18,1.85,1.94,0.0,74.45,0.0,0.01
Sweden,1991,SWE,8594170.0,237965000000.0,1.86,1.96,5.1,0.58,63.24,141.87,76.76,2.56,1.86,0.0,65.11,0.0,0.01
Sweden,1992,SWE,8640277.0,235763000000.0,2.01,1.8,6.02,0.79,74.33,139.91,63.54,3.43,2.01,0.0,76.37,0.0,0.03
Sweden,1993,SWE,8683403.0,231559000000.0,2.17,2.08,6.99,0.91,74.65,138.27,61.4,4.0,2.17,0.0,76.87,0.0,0.05
Sweden,1994,SWE,8723467.0,241527000000.0,2.23,2.61,8.14,0.86,59.1,134.56,73.16,4.67,2.23,0.0,61.4,0.0,0.07
Sweden,1995,SWE,8758496.0,251744000000.0,2.35,2.27,7.8,0.85,68.1,140.48,69.93,4.68,2.35,0.0,70.55,0.0,0.1
Sweden,1996,SWE,8785493.0,256501000000.0,2.12,3.69,12.34,0.68,51.74,128.27,74.27,7.97,2.12,0.0,54.0,0.0,0.14
Sweden,1997,SWE,8807868.0,264172000000.0,2.77,2.01,7.25,0.66,69.06,141.96,69.93,4.58,2.77,0.0,72.03,0.0,0.2
Sweden,1998,SWE,8828629.0,276042000000.0,2.78,2.04,7.11,0.53,75.0,151.68,73.58,4.54,2.78,0.0,78.1,0.0,0.32
Sweden,1999,SWE,8848881.0,289704000000.0,2.7,2.24,6.9,0.45,71.69,147.94,73.19,4.21,2.7,0.0,74.75,0.0,0.36
Sweden,2000,SWE,8871042.0,303455000000.0,4.1,1.64,4.77,0.48,78.58,140.46,57.32,2.65,4.1,0.0,83.14,0.0,0.46
Sweden,2001,SWE,8896748.0,308399000000.0,3.78,1.88,6.17,0.4,79.06,155.43,72.11,3.89,3.78,0.0,83.32,0.0,0.48
Sweden,2002,SWE,8926011.0,317465000000.0,4.18,2.37,7.44,0.56,66.36,139.26,68.11,4.51,4.18,0.0,71.15,0.0,0.61
Sweden,2003,SWE,8961506.0,326406000000.0,4.51,2.85,9.24,0.73,53.54,126.15,67.42,5.66,4.51,0.0,58.73,0.0,0.68
Sweden,2004,SWE,9004263.0,341905000000.0,7.2,1.01,6.02,0.78,60.12,145.67,77.49,4.23,7.2,0.0,68.18,0.0,0.86
Sweden,2005,SWE,9051739.0,354499000000.0,7.49,0.65,4.76,0.6,72.8,153.6,72.38,3.51,7.49,0.0,81.22,0.0,0.93
Sweden,2006,SWE,9104724.0,372238000000.0,8.36,0.88,5.24,0.6,61.72,138.04,66.98,3.76,8.36,0.0,71.06,0.0,0.98
Sweden,2007,SWE,9164274.0,387885000000.0,9.84,0.65,4.42,0.83,66.16,144.4,66.97,2.94,9.84,0.0,77.43,0.0,1.43
Sweden,2008,SWE,9229282.0,388984000000.0,10.34,0.51,4.6,0.62,69.07,145.3,63.89,3.47,10.34,0.0,81.41,0.0,2.0
Sweden,2009,SWE,9301413.0,373029000000.0,11.46,0.51,4.62,1.56,65.85,131.98,52.17,2.55,11.46,0.0,79.81,0.01,2.49
Sweden,2010,SWE,9381722.0,399842000000.0,12.19,1.02,8.53,2.91,66.4,139.92,57.83,4.6,12.19,0.0,82.09,0.01,3.49
Sweden,2011,SWE,9467384.0,397621000000.0,11.54,0.66,5.72,1.58,66.43,144.56,60.47,3.48,11.54,0.0,84.09,0.01,6.11
Sweden,2012,SWE,9555984.0,396490000000.0,12.19,0.48,4.09,0.92,78.93,162.35,64.04,2.69,12.19,0.0,98.31,0.02,7.17
Sweden,2013,SWE,9648935.0,401409000000.0,11.45,0.65,3.88,0.85,61.36,149.15,66.46,2.38,11.45,0.0,82.69,0.04,9.84
Sweden,2014,SWE,9747507.0,411860000000.0,10.7,0.37,2.93,0.42,63.76,150.63,64.88,2.14,10.7,0.0,85.75,0.05,11.24
Sweden,2015,SWE,9849344.0,428683000000.0,10.77,0.39,3.15,0.45,75.31,158.85,56.35,2.31,10.77,0.0,102.5,0.1,16.32
Sweden,2016,SWE,9953322.0,443164000000.0,11.49,0.26,3.66,0.68,62.02,152.23,63.1,2.72,11.49,0.0,89.13,0.14,15.48
Sweden,2017,SWE,10058191.0,454544000000.0,12.08,0.32,3.47,0.33,65.14,160.76,65.7,2.82,12.08,0.0,95.06,0.23,17.61
Sweden,2018,SWE,10162300.0,463407000000.0,11.91,0.34,3.66,0.38,62.21,159.7,68.55,2.94,11.91,0.0,91.15,0.41,16.62
Sweden,2019,SWE,10267922.0,,13.04,0.21,3.35,0.29,65.37,165.07,66.13,2.85,13.04,0.0,98.94,0.68,19.85
Sweden,2020,SWE,10368968.0,,11.18,0.0,2.44,0.1,72.39,161.34,49.2,2.34,11.18,0.0,112.14,1.05,27.52
Sweden,2021,SWE,10467095.0,,13.08,0.01,3.06,0.29,73.89,168.72,52.97,2.76,13.08,0.0,115.75,1.53,27.25
Sweden,2022,SWE,10549349.0,,12.71,0.01,3.05,0.28,69.38,169.16,51.4,2.76,12.71,0.0,117.76,2.34,33.33
